population,gdp_per_capita,recycling_rate,household_size,industrial_waste,plastic_waste,total_waste
126958,21326.155614545594,32.78983215695383,2.8428198554688127,4381268.678793236,762.3669347238554,1315326.7640964917
676155,14396.946524604606,34.58319719410292,5.829792076152385,3438479.9555104687,917.3893935453632,1033732.1855779814
136932,3762.3993358954285,74.24207182661307,2.0354531404538756,4357828.061838768,593.5168155360959,1307907.6113087123
370838,43371.396436497605,53.132902134020355,5.991283422727912,2029255.5454998766,221.74589303426055,610079.9713315772
264178,40832.1494473738,34.90461593248029,4.7072851954295825,1317605.0041323155,305.35773427868827,396344.5082233091
649167,49986.165991020396,58.826702664873466,5.313877197796469,3610472.999692513,238.71234805253548,1085144.3560969457
115268,49835.20501662137,67.29205393785548,3.1784775853847727,1528779.7785614573,284.51417621594624,459673.9540647355
737180,28216.153574528744,31.8099200586827,2.05726111066824,1410280.678040586,341.09467688348457,425152.78765000135
59886,38680.38334384502,43.08392812202812,4.95147807424612,1115351.4256365355,577.3770974155291,335301.6047504692
142337,47293.52076423897,19.750887466955803,5.336578388002703,661884.2939688779,608.5920479906412,199978.81414475865
526430,42632.72214319316,24.491947962774425,4.9619045278140765,1221002.099083938,455.1747598797681,368151.5521978322
959698,13120.056985416686,64.48942831719862,2.5714011492033544,1656960.0907698448,634.6497408297937,499514.8612396693
92498,23076.662630194583,24.515067815650156,5.013711689027876,3062314.457922671,127.49617933079763,919238.9029255883
904159,7328.811342423254,52.01307069336481,5.075691128430564,365910.95418778143,133.39882520525197,111788.66833176007
917756,47748.500335677396,66.72370093779462,4.63416206268022,1018335.6039241625,213.23798733977551,307916.0945253147
180203,30702.557088093123,18.55015384757951,5.064463731182345,3657794.253686293,542.1736231383275,1098429.4156906635
196335,12203.497469669674,55.38497757031229,5.383685758710929,737925.6830044291,253.2949447633979,222033.1182885128
283167,33913.33353588698,30.5250226961091,4.454416456949834,1601065.09616432,319.1201833179485,481428.6899448583
46090,31288.283782436894,87.03415001900639,2.3544188558787162,3903145.8453943976,430.29719436434436,1171588.8169654016
334365,18549.973183609185,48.683651737593976,3.9505112386688435,773220.6221425821,821.2728178098608,233269.3585917101
69820,6564.322017781822,74.47940398201266,2.3105973386864203,454869.44507621747,63.169029117217114,136732.74772694096
792201,33907.08658404718,54.01812337250094,3.6301721241297233,2226812.5583028477,666.9098792247913,670508.0571702558
326879,26495.077344285874,13.473002628385533,3.6284259565025105,1423670.0447383455,685.4327044886511,428568.4819273473
723315,38843.60119504633,60.65211004752179,2.2640393765609663,2574630.8873737967,808.7229913388047,774880.7184346706
332069,26488.011554487675,86.11226737653256,3.3952821358779173,3634779.5670321253,936.1152921072976,1092063.2737479694
781997,42756.89351560846,58.1289456117065,2.4439923951652593,694824.8327535974,69.13095650182534,210443.44539566012
204041,28043.43509994979,75.53510875414321,5.232940840036889,2650882.962884397,196.09452023755537,796197.0257156903
796743,28485.960605233926,80.73651706787263,5.7907521038578835,2319293.6333192997,891.8627293531933,698179.9046930713
108355,43956.0265302589,28.246381755914598,2.2892659010317544,725387.4463182101,485.59263407766457,218532.3858767861
240796,20770.660444407455,26.96358719265813,5.820460829166805,2841833.3211828126,586.3611069867903,853581.0818518223
219176,7566.7461940813955,58.87847910807934,4.09030639734698,1296754.242766003,679.87584353699,390141.7185961628
189779,2410.3511393536096,42.882277584536375,3.1982627118154956,2241349.344779095,695.1132742708555,673403.1702882055
352449,38001.72552800733,77.18890422933762,2.307448301104654,452820.9500618429,935.1533831506828,137642.21596203698
426909,31395.168016319767,82.00184987184089,4.002497072281671,2116765.6923120776,997.1019465410861,637018.5541157542
994436,35499.908636861954,38.27371034421745,5.178062177962994,1441503.8940688376,734.1495878843932,435244.9923656704
263795,11435.243913936625,28.949644717958563,4.828345909066792,3716701.141327413,322.86014874489325,1115935.84070078
491232,7682.202303751718,72.44204121950895,2.200904045855895,341276.18605839415,885.7647821796264,104057.04216341149
922040,1712.6886177262145,31.984482843850888,2.291607341471614,1936058.082389835,96.75986881372353,582840.910534251
505186,18178.790381523253,75.80914548109428,3.6114931305305484,2111682.580419642,269.5268102307714,634888.3473819927
161730,29905.966655877022,43.89906029190102,3.181161976191773,3287276.7964791134,902.5164315905291,987412.5366804316
875910,20219.958209886885,63.403991943317635,2.9295372922241913,2622608.2061478305,293.38193871738724,789007.4171222702
389681,22436.271179162723,17.642825106773454,3.1240179956348544,3032406.4070263384,259.61850664066105,911009.7346397836
154503,45303.77603019367,59.90874597412584,5.213930973187539,3516787.3497242443,181.21902848323487,1055881.341695596
659811,18064.51788414172,46.14141429897833,5.716912214527415,3892315.1138326125,866.1561697645707,1169821.2805706826
532035,26185.48496883073,56.92867705403793,3.6204107781102657,1474190.940546095,525.0553462315324,443860.1573125525
653143,39398.99762431601,23.441136619589074,5.624444008529988,2462680.130654812,691.1485429014471,740765.2632141801
457366,20430.596333742236,68.94989959553456,3.285982804991528,3794876.6259168712,277.1130648712782,1139809.0332659953
70725,31482.2483111658,79.02376620345828,3.9057479453751665,4453479.487555899,770.1383999606556,1337115.6837168958
134981,43255.82172859051,27.339184007262052,2.904115991263999,4012780.1617029957,772.0052677139936,1205116.332717249
89654,47526.510559224465,17.657164441612938,4.561904168703376,1728170.6281735017,346.96812366288515,519175.60973505274
958277,8206.600565522858,11.891086883706912,5.915924460699236,950684.3409342483,440.1485013597687,287505.9263618332
910778,46402.79363291323,61.357720035461284,4.413972384173515,2248221.089963056,249.20576355869082,676723.522159651
596723,25113.69836089737,58.56752288710246,3.4312563364541955,3360638.8025969462,977.732972156759,1010471.8348595059
324030,13653.97502664896,53.7357930171256,4.5912697839621135,2262229.6020220425,663.322448205491,679829.4701716802
333947,23497.652055674804,28.555767689278035,2.4916827138615503,2220827.607213278,937.8166866797397,667944.1953513467
560839,49021.59618898838,41.27247967244117,5.5546363210615946,3786596.1569707403,338.2162664476765,1137947.7889616154
907648,25138.28660565061,57.55810681489385,4.0123358031193455,1683790.6656862919,792.7963673470452,507685.96076750825
278538,17108.828904087903,49.741348708733554,3.7973989681585683,3881694.515919357,777.5657116905049,1165684.0364953098
336236,32036.64186151956,89.02284161719098,4.343459153814077,1884009.172197101,707.0728692732145,566742.8442615634
533178,12767.13532013146,20.91518020453865,4.49913545115761,1537507.9960414767,967.3570265034604,463060.59359872405
570894,4717.303077324532,65.6115643238075,2.287103224906052,2092095.5083906725,423.87756930099977,629132.7312486098
494492,7315.106373621812,42.34550144834337,4.730468884893609,3452391.08775617,174.18145741026945,1036874.6407210457
261840,7274.24610893085,44.25596919404918,2.9677267212621183,645668.9428802148,688.1234162818578,194613.30171025108
478254,8443.231982102423,67.4078212526541,4.855810530026359,956208.7419955967,742.8443104533459,288221.4157954924
354457,7802.531459821097,65.39489210594957,5.290139177536787,4285871.681174235,596.3075447858739,1287011.7083243506
670987,32402.862495357516,89.30047949617506,5.215834030210081,863918.076751786,246.47699847672646,260979.41792096625
275936,9912.124135558097,20.27154315633002,4.2100038696315565,2593677.472075951,529.2331445858877,779089.4255258499
244931,17937.6968828693,18.328771950733305,4.080679569243005,2644776.797979146,346.5802497406729,794433.9578805489
244629,44942.63208539458,67.94710537029928,2.571503845357647,2249243.8776415796,456.0932017583546,676157.9172461801
210041,24224.120372880745,56.27095336051273,5.101384601612542,2933326.54622377,662.9576470524307,881119.7963270004
703361,33710.32918753033,31.932853324784467,3.0856375217868575,1103535.8607674972,757.9540055562928,333314.92300026555
736912,9443.673688879862,16.35354951911893,3.986781691271786,2527240.6008954598,270.61345635627595,759999.000959268
422113,10422.161921624867,16.852659967714445,3.137096371710067,1731284.0556388164,435.0590926146057,520517.3549675816
73148,3002.5621970574643,81.53526997312946,2.5353134519987726,3007952.6149647236,305.7034924420477,902807.0136653333
782089,9277.818090536062,25.34938597749943,4.518230787566946,712795.8262755892,238.70003316877566,215739.30636862142
653531,14650.926612565972,35.86972496924166,2.2173281392916153,2607569.4082620903,794.2178589960465,784357.6624213398
256995,9673.513729560595,28.13251217815904,4.9945809365048,907042.2672404576,913.7900597151428,273192.94936005684
911606,5346.424154095725,38.39970446655499,3.2703471810444666,1318815.9083373104,401.7205764003479,397740.94936991524
683843,6911.157683929439,15.55390741968747,2.0005387720179413,1054510.2194270021,763.7149781550785,318245.86256285524
915790,23578.15963360356,51.52478327266163,4.044516556948919,896314.6092214835,902.1455248961905,271620.88126927044
577843,11110.352201883832,15.409005087377192,2.1874076341104125,3731385.2963825413,853.81800000372,1121338.2920826764
261508,18849.223191355697,74.02852062578893,3.104678231283598,1349970.3733845265,223.67271911226462,406020.6841565198
808591,25667.446271887988,28.696966552834642,4.827905949822865,4178615.8780222214,958.4772874376932,1256102.7621039764
901942,34829.3466028389,53.20095316836085,2.2507584864874635,4367375.976772292,407.84261840798933,1312609.2968255444
111530,2926.2948522138477,80.40632700491666,5.357353969424009,2609258.672422599,372.2786281151445,783428.2533703672
609365,40171.10954654309,62.07018952377553,2.0152796906343324,720634.9509558534,109.30976091389132,217924.0737976912
827352,31767.11908505448,52.636622924106824,2.987295476807609,1741757.7533039534,511.8649713996389,524997.0764593729
465337,5006.192565494724,35.94670024923005,4.963616224608286,3607999.2813656237,153.56293485888227,1083539.907936155
729839,43805.35258123208,36.64015304465583,3.265080598917227,1710193.1135540807,286.1128298810547,515054.72630642424
810889,46122.747626058845,63.55895641585521,2.407569552264054,473745.9327152984,351.0954906789173,144328.09919878808
464773,3992.8200328883236,89.5311488976934,3.4409356752017115,2545421.457193309,818.3850073170998,765026.3577594687
213261,14567.004759212983,62.94713518795029,3.081573145538102,3816982.9550975133,881.7142178761017,1146362.7442218035
769469,40503.862709860005,54.62267338960199,5.37084760864222,3600035.3673028457,337.3430015883962,1082333.7097057467
346097,37664.72482879926,68.45204081913968,3.2533916703405725,862293.0479748577,865.7632151823452,260560.57046182235
320139,10041.529948462488,47.21644898269745,5.1557298871040285,3056891.949558978,864.3693905013015,918521.0651007475
176829,11258.116843498805,14.811387408062817,5.567488579242939,1062423.8017512038,776.4184028656298,319880.25330708135
276836,19153.13303677772,54.98374527023279,3.735269678306118,1052295.2273750794,189.36035831442246,316524.24932157435
443974,24741.626274360045,86.61002276043041,5.6397725754175685,3944656.5202758666,705.8067045556925,1184934.6118187571
994913,31294.483804984502,24.024235388612773,3.5092722158527714,1191040.081584415,947.7728613515403,360379.589398872
207283,19076.76833891885,65.20039126565325,5.856313665960433,1250920.7981444292,698.4134548287992,376438.2521690886
201769,23664.201090524246,26.074695092724518,2.3571580981022917,92881.45325733104,365.03600665244227,28781.36768593123
566353,37626.07596855407,52.8662147578465,4.748077066012971,3929650.440493533,525.5503515592898,1180831.8183764922
228165,2797.4769416392974,17.73411597173757,3.9752561618277147,3585343.1262522843,663.4387911835009,1076602.9579221865
628587,13369.410272857016,46.02967490065481,3.5505952218225882,2856520.60374989,535.0418882920784,858865.4117278494
955110,35954.12970834307,70.49306631161969,4.530847514994404,3398672.0189702944,163.95529464442131,1022134.7638371638
540822,44865.13504667277,37.80572193911857,4.815428366537325,760534.1823420088,346.46084241941963,230009.68153373274
492879,26072.19466366764,63.19293795897744,2.0174530786012363,2111207.0521312077,812.2762290259509,635268.6968520685
569685,27073.56077800047,73.63599686317833,2.667812354988795,1638877.4982081237,868.3471437907416,493742.2615880449
787038,6251.428555649027,84.17422555835621,4.852184202537275,503554.4807934427,180.4350310797917,152803.17428187645
358531,22923.20597434928,28.771366548436283,4.665541654312825,2233835.4397978154,954.7674147787884,671862.8087968687
268160,27098.246056296135,41.94527326474465,5.864190020514709,4150461.858011022,362.3814869561789,1246087.3010842926
584879,12881.054678101753,22.193281066433393,5.044151161003132,266660.7150135627,679.1980517941839,81901.72193408704
225884,14192.918316519666,89.39868017267001,5.803090830925353,1375342.6285076311,764.2338886588471,413636.5426836851
28247,19486.92399212651,84.16007743394363,4.810162006139228,1005255.5286671523,821.3489229059892,302451.3892209396
29300,1983.488691108592,53.196570422444765,3.1922088345577726,1140226.7426657209,948.4622171146336,342739.16705841664
472281,16781.879113575735,77.3626635501137,2.421459689003426,4096196.373788045,347.27357062738145,1230277.9624905633
612086,11360.952342830687,51.67663818176337,5.127295453379743,2154184.5291732196,865.5811318239768,648218.7071904358
538556,17047.37025671782,59.88685504022078,4.576596885903664,2146380.4110646006,175.1025582643967,645144.6938585935
353951,6868.34445914331,17.12995456928133,2.192744049573185,3444138.583227795,719.7888610359131,1034574.1898012763
279329,44635.83675625485,70.42163363974464,3.4402018636039133,771310.6196617228,754.8788430382866,232882.50530615894
724064,30086.030224148384,20.217078690818788,5.827199261937144,2238840.211581224,693.8370791412544,674002.9775464641
747139,34276.01363807999,76.08541042020227,4.001604582840805,1986234.7942738733,289.6989993283953,597926.6020393393
437315,39669.390691759574,72.56224701363087,3.7309165440788186,2722376.1453107535,879.3909896644432,818654.3097618172
931075,25423.667747523807,66.69957581943811,3.830798420637176,4498049.471334434,210.41554020187525,1351598.5810737573
521588,5259.094116283761,12.89283044198097,2.835530896020655,3483269.6229018276,100.9530519447893,1046101.9207378877
241584,27318.220549108843,34.250268475626285,3.474828683459181,1844587.7503068538,731.5917410813165,554614.5872826875
567332,29755.21478302308,31.04900559286743,3.4792530239487065,3739508.960528547,501.701929471097,1123737.6097198883
842646,37526.534235032166,38.810912597721526,2.2094200807498896,842823.8822080377,856.6431189607423,255684.21645158852
983732,22151.31776525429,17.011419741107083,5.070270514071673,224344.85662251414,414.227284005346,69726.37686961953
381896,7251.434836982624,84.95662584248502,3.666017727615516,991617.3225674442,209.8646590823272,298590.17545177235
53984,14905.019384137498,54.3041792569901,5.288719547265693,1591214.962463885,844.6200828463762,478019.5016380002
307918,18791.03252353312,34.44194485264188,5.401392004479582,2341661.1403966593,571.4641500580681,703607.9792719443
269712,32649.944825248458,41.75852136594267,2.8479762187946323,2802719.509786691,229.73600277083713,841758.8656956063
125151,28968.136928776683,45.77620324038685,4.629413928680514,4105771.2129156,734.3647986571235,1232671.009993565
460808,18448.739568994464,58.047546668849385,3.889127216651927,2338456.1821175185,535.5579565650255,702876.033020312
990067,49339.247190856004,51.25435421571982,5.520626951685941,2300625.5927994666,624.0973331283038,693164.4127531998
138767,30682.96614848747,83.55135785715339,2.8629627167058165,311571.67331935116,487.8534212962528,94386.09352811548
653663,12624.11279506373,49.75707863246642,4.711252801240176,243959.947213947,837.2735346271061,75266.6517162088
708550,5987.341158399783,89.372641185865,4.431008489010891,2520615.432051201,838.0845798988973,758334.9959118715
141330,8490.09782003227,78.11399661960766,3.181205910287331,2022367.6844251992,723.9193807331669,607623.1719013109
485754,13051.9286908409,26.680841148586865,2.5464036146046904,3790785.541863117,150.13130852663915,1138519.9560554428
306648,8873.387289718228,84.4476171715133,4.606559041909106,798596.9685792372,846.9111688088655,240885.8154505613
693519,10141.784178513983,19.309311830838087,4.954389832529323,200125.02993618872,687.4623315062643,61912.295599436664
18986,14969.663265998508,75.39597667929533,3.2625093750534,2070260.9665718551,712.1729577040845,621882.8038407327
591146,9495.306169442987,40.4498634781264,4.579330416089255,1137280.4352774555,394.83369838367804,342699.7221794281
134312,44941.50580669483,80.23794563560556,3.580523630446013,308799.38642427314,885.3155783491563,93897.9069811875
17666,4931.453537420468,79.44453520859602,4.852827533130471,3285478.4449980436,739.1030202231146,986248.0522722681
305804,26701.05808894248,74.4740320094097,2.7968610995762124,582125.1298114613,156.96094320273474,175545.00969653748
139633,21109.444522493413,73.20243490456491,5.5608600105446975,2772688.9950342732,437.3891326858545,832585.6324884956
293998,49136.552228521716,34.37433112784326,3.149638385862319,1329429.3982359811,892.0613438621347,400581.0588013123
855937,6489.906206234565,16.473542644100174,3.4711439510246116,855117.5820656471,94.83686661251005,258429.79970493278
633776,20494.92435324134,42.23841430121291,2.232367808321399,1764704.21607419,963.3457886599471,531477.3750295353
712611,48504.051230493074,23.881961198920692,2.4460488492851056,3624375.8731432254,695.2044399035847,1089671.9331720965
289806,43409.849168805034,65.59608711219694,4.0634476108493125,1819132.6741491656,649.8071787612078,547332.8484957461
799824,41036.53147651471,37.687978123022845,3.070370706911886,3400894.153020756,307.03129366359184,1022556.2885929581
35535,13637.238525202052,88.04881606879319,5.341920902968777,643394.5688842545,286.3521993022182,193656.0732576862
380713,9373.491782113226,61.27776618762656,2.0587735546198154,3497921.9607229987,944.9553085141657,1051018.4606475187
843688,33763.517776297114,75.79844509074887,3.5163761946877448,1134875.9628383205,333.3588315224166,342849.37247689965
356279,46539.423467251705,20.601973819347876,3.3493821870763707,3077303.702809929,786.7300318830494,924796.7040571681
918910,28281.38175768256,78.9611585818098,2.077310523670404,2585096.656848794,423.4657082967252,778028.8813978753
826654,29009.02178402509,83.82057524107155,2.497473596002041,4187528.2029035413,182.2913672454688,1258332.4487050227
606661,14718.975589353924,48.96495350551487,3.654570699674541,1798092.3042711348,60.179532810591,540791.0551356706
652972,38705.15372640491,58.50023502007819,3.9714583377897865,381788.48275988235,567.0444701644883,116660.20530833509
494570,10165.143679318646,71.18478407223964,3.6171589890194764,174475.6912810253,976.989877621486,54226.43944463845
461551,16860.28258380794,23.987090180833004,4.123750713648375,3736446.2538898415,400.6793841187443,1122375.5591198332
278109,21846.385492204423,50.205286117075396,4.380526699622726,2404084.1620869157,389.3327172933926,722204.0083721601
29538,25872.908555538295,41.89304222178505,2.0396952845113425,3508826.268592126,376.88703695697,1053311.8563047338
899498,12878.076888338932,21.70991937297993,3.8563806378140155,1123816.8960507796,544.5166454396156,339408.4448889378
206664,6627.004412220973,39.40275378332252,5.853996963550353,1611819.3177133608,468.6316392530789,484402.4036646326
496234,30920.382079639996,15.453784750839485,4.076129120518194,222758.0764519165,885.9188953906638,68738.51093276215
904684,15142.897108772533,12.064952555958959,4.710169069835812,4330181.151371835,530.2447521373158,1301387.3746816823
144182,29480.672849708,20.81330313238582,3.247455431667533,3035297.468550587,532.3699462791403,911636.8911655744
477525,8563.773048435913,87.0492089271339,5.09596551261105,4205434.43701854,181.45301498452878,1262715.1439416707
163338,24575.864990886057,53.96236287160136,5.091685927504461,1260839.156762209,983.6025638648666,379729.9832921986
189064,27096.88219502771,87.2657728922576,4.085184190616555,2786554.525505164,287.4742463253882,836650.6404713064
219020,3539.3533042989184,44.59983026641056,5.904055293116855,3082184.860170533,119.69586408662254,925180.2022056903
628094,17493.60963150211,34.945290646820766,2.5022008590506135,1490394.178135965,679.9889365264484,449073.1547214301
929414,7586.319170009738,50.49134902721953,2.067790659558324,3830161.7264189287,615.598051649029,1151480.373556023
902421,4105.373553165619,45.16093509063281,5.080632847028384,4266982.051390093,444.38837129310843,1282264.6805578882
620270,49508.05138710732,18.453174740939513,5.228622149459531,3992211.0690393792,451.08262218664413,1199734.1804429253
650914,16795.338403761423,61.266105175216495,2.480828916482305,3349285.363892633,795.8107249941096,1006862.8539071797
124176,40683.847846877106,27.28305460076797,3.0623313318344243,1313619.2375870473,235.9270080946666,394896.95121643256
922710,13477.392083424429,59.56703639182636,2.0702094534665156,1331926.745685836,829.2406529976453,402285.37690492463
223126,34393.633388972536,62.01608739185227,3.1732344431222588,4338419.013167027,666.3097582002672,1302879.0093940073
223969,38251.16513459464,22.16198825029185,5.092567495674686,135354.62707640184,448.02128509054813,41862.0898469963
127409,30186.29828978437,14.907970168853453,4.071842110850316,3247780.3819978572,485.12718575467517,975153.3827519921
552707,24107.23323895776,72.46092688547519,3.3923823726731523,3204545.5768687064,293.81484682679104,962921.2298088586
973140,21180.20479321616,46.78403390154561,3.486957179625321,2836060.8755886066,764.5086160621261,853496.5497450887
258618,18094.545060606768,14.653103640438063,2.0054145028618726,4456380.011243078,537.2310051900043,1337896.9808069256
774598,46546.92806814347,89.58930537358137,3.1992021102609436,1465388.3117180283,354.81181561235144,441927.06003069575
55015,41700.35098159873,14.622444879709331,4.585834966551722,1589275.9193282244,616.2476099729028,477709.6161120751
777838,48286.31862265911,65.60281830868425,5.896777775265429,438122.76699430996,995.947729448757,134264.27682607964
127096,7090.563950791691,88.69431402107308,5.388243307935598,2042739.7821578821,463.49916567372617,613386.9690473934
636347,36812.50628497857,29.13440833727405,2.0943798585821165,1241224.00069568,924.6568307396885,374836.19829323184
190340,46978.68238423085,21.379949494975694,5.594242418699357,1604335.356603411,377.7659979283378,482352.77895217494
115687,9880.420242117347,19.71079515379431,5.132793653194504,3770461.595027318,101.99607157873659,1131586.66262295
879371,4258.317100972097,34.262011805407646,5.121504494283922,4215486.704656256,244.03000105000743,1266721.2379215416
416357,37314.911815212894,18.083664880851735,3.831983036014286,909082.8475428686,447.7603861613,274205.3413402416
740716,29149.18254581568,65.37290733553056,3.5920211718180113,1732764.3881507844,258.6531821648406,521883.23582304444
110878,42249.610061155334,14.983343850405015,3.2116629153327705,4185260.778928888,50.21568630734276,1256150.027547297
732270,7848.846454688185,50.75377025198318,2.262779435817463,362575.3116394718,919.2514608601509,111113.08595757525
978548,39968.09828113462,89.73574830823814,2.9129414539747964,497309.92897117924,851.6854406693826,152157.42832898468
203286,10879.738682339483,75.11762156048151,2.9864145399120985,807908.2623994715,755.1776199125998,243368.0074914283
778290,9019.14120041952,59.21755505848087,3.9363082788408064,2714888.598499518,209.4238658637272,816246.7501543626
779684,9049.024098618655,34.500289662928935,4.9897776263867755,753582.7151364489,164.34539739948676,227943.83036068856
169899,40914.161291337725,59.91166690333108,3.8952393135917864,4359216.842197735,114.224511998764,1308551.9845146707
978324,33594.66381411381,52.163317112932134,2.2313777977886424,2060011.0652100747,737.8277293342752,620746.0065658885
329767,26630.205813686847,44.086670711229715,5.831159203952815,2301694.2051442335,932.3675626534911,692091.5526979902
866882,18582.693722051623,20.45683013921596,5.770897276376449,1177764.4957018427,459.00902986738515,355480.3814022784
884858,43982.826499842304,80.92833721923733,5.1407581725936335,2166934.713237175,163.18363839624575,652607.8985478244
384989,20229.810263709132,45.9827719057058,5.965311606256883,3009039.119929221,536.7731796955013,904030.6412675047
420515,41013.37253410728,25.569800945661207,4.177929331201051,3402691.1739673284,381.3903120856986,1022428.2619692263
48585,22517.610519940703,39.420748070183166,5.851073401012824,3414558.2447507163,406.0836781324978,1025022.3094430735
376369,19470.27704182047,43.130380202314164,2.302420162467003,2638499.8069809293,640.2640929479219,792856.4699065145
69044,23671.309497810715,76.20303164534994,3.4627229930454853,4078226.6077229106,732.7822075990922,1224368.6389496322
965061,15767.515834042963,68.68915044491217,2.9015250720270633,3694768.6066199425,155.0734189295028,1110716.4039833427
447296,37632.8596286363,71.54439149130718,2.78333233653708,3428582.185820938,83.81071926615257,1029895.7571546535
114556,25633.299114531477,10.882501154291777,2.5632117955707043,335220.35061083134,994.6137875514291,101879.36305418596
531981,12378.422062194048,43.29231985438092,4.489654566263987,120331.81338865348,271.09193146977424,37599.48978536361
886691,45079.154090453856,48.50753213082589,5.125287422989221,1026892.4924320357,101.13899866303612,310477.8111155536
772595,19810.669847287358,11.535382145844535,4.313193597681442,3016139.0491583245,230.38156264112396,906721.3020614729
205235,27634.090194585442,30.785056699602737,2.5878508383528387,1903380.925972027,87.00995403104102,571665.4114179544
30939,45417.1334372628,70.8231858497708,5.244495079733884,1864611.6035099647,422.2203498863131,560156.4071878523
971429,31587.661799785612,20.968776458319923,4.5438188286549135,3991028.1770925964,812.281695228758,1200177.079681824
965445,6728.003994709839,52.824810516207336,3.552662824507982,4039432.160261409,374.1822272698346,1214159.4464224083
157906,47051.774057060284,27.216149761379,4.696521182144252,4099462.914476313,471.9742365344482,1230760.5507069854
547335,31757.694600499475,10.969661971511462,3.0396199169713314,1474202.3174312704,691.8074348890668,444171.04567613354
293249,17410.37511819722,29.29611660796332,3.380768833976842,3137556.1341801444,533.4493665663862,942432.1045226936
80766,7824.331560505976,88.0699003928043,5.66994337252796,1287902.32941997,868.373401720258,387214.5273190117
413923,39907.2342742445,74.12296895063916,3.1620180226856816,930589.3638583235,872.7338912934687,281155.8725497124
420192,31383.565040497164,86.76613154568267,3.8799530726317464,904229.1369018982,59.41516071659596,272521.790799687
573550,27139.593506839756,49.028323514109,5.5605645495840585,1598694.6080084497,789.1439911590392,481735.64972879493
392261,44800.73656949693,18.778895894200282,4.83088540107011,1986113.1032290137,487.69692022959015,597409.4676087353
815208,39641.26335000201,53.83675911789544,2.248812904658811,3754485.8443528516,989.39851423848,1129167.4608751405
690440,8432.069106904808,46.350186764796874,2.5892121771158814,618719.7222146604,509.0704720816634,187611.6018769244
657664,16274.381321981864,77.54856661916928,2.0313663630876673,3331022.9870114834,987.5511481188827,1001613.7024687598
989346,13175.96785090882,17.846606462739565,4.523687160916653,2433716.1715748366,766.8408931454497,732674.6037223004
459589,37453.36833606117,49.059290961742256,3.7906937016416733,1359838.961201127,286.174640382641,409436.85518817237
142848,2643.0893020531894,22.00389317551874,2.537099403609102,2263334.3677897565,561.4752303226098,679682.5387229876
622075,28924.59455869451,35.974074151204796,5.831736484227082,1412744.52771667,992.5288575046536,426127.80989306234
132948,38360.47560129384,68.98856619102398,4.11863889578248,2718721.422600929,864.6540773643275,816956.9645121174
584304,43961.51620132572,48.081450349501324,2.9675731764515567,2003251.699791627,142.49854910166005,602612.0266098347
407690,17762.005687079465,40.07106281166155,4.00241428461883,815028.3832378552,721.0533969694962,246031.0447757802
504046,41241.60792892863,41.55810228560283,4.718481330940431,604131.3587906226,378.3006065772724,182744.24790940495
456269,6420.955110805154,46.75574147247893,2.304956871894258,2500927.957938094,56.63314878633071,751448.1596345529
26959,42476.162294991394,72.80132350696455,3.098815260191568,4069641.476791716,433.3069205756496,1221635.0540909255
665890,7246.944454267138,81.36677511521876,5.227861963535974,1606853.3977193933,273.01670063872274,483679.03781585407
755216,20467.077237457997,86.42677492031426,3.838659481610645,3322530.472851768,827.925806994448,999037.6996800643
910533,40067.472923198125,72.9522709004236,4.18630856812918,2994696.575284372,370.46407840347723,901021.9248562229
795180,8345.953940089916,35.23255165984102,3.731264008837877,4198157.172104811,836.1475092561262,1261439.418475645
233576,12233.318366399433,65.05077648692337,2.1755997705720205,3710526.2862892114,50.56804189305554,1113788.7331255483
542833,36390.37585126025,45.008249924431354,2.6629991192806237,2588729.191773092,342.4281925248132,778308.5097325579
919091,36281.79029075764,30.373649763684092,3.7821665549675636,2987504.497212413,279.1069535923739,898619.7524456738
988703,32416.23401137957,77.26972635407381,2.8367418616317113,4051884.317635594,271.8889930151804,1218240.1288034564
170838,35003.4737788879,13.074107916986,2.199916114638715,1851877.8400283824,114.77728877718957,556257.0197777393
340674,27593.49772403221,82.14095937083388,5.374598656207295,1531164.6528327982,227.76805688997663,460566.06202993885
884989,13338.153886440685,46.91819716997873,5.924770116656463,137676.87883121584,577.7720913913389,43673.76687179849
66087,17939.103681692053,60.976118144662436,5.172571495986958,3735090.2371843574,326.79301919585725,1121216.3572823873
598128,9898.288123269858,62.748313776462616,5.415139686818668,3622324.8887788393,446.52504321269055,1088262.4924194005
123451,45514.07750534779,81.60941925652291,2.9679085212681815,550644.4248216676,408.0235363298291,166118.44887871578
452600,29586.197943539904,60.93357457337659,5.842507902052799,2633941.050795208,882.1096787498999,792136.626844652
842437,20641.719421418355,59.114686780804945,2.7877028178137135,2136159.288915973,910.0340490599897,643429.6166139311
444792,23638.2843785625,15.332163244855197,5.8057192414473295,613507.1111951815,518.309123073067,185414.68484186853
44353,47416.88364097895,51.47264175561632,5.979277175863804,4414305.881337791,363.6481527998242,1325082.585197052
198075,8514.21875268793,22.01352006536333,4.846891222984195,1036808.8637133975,151.46066880224544,311691.7458152042
219283,29725.261768823064,68.99470149771885,5.924574927167288,386502.7341993747,955.7327354129902,117465.60135400534
319877,25788.545265338835,50.97775366501396,4.278159118268414,2713276.943603421,107.21559765528258,814906.6922946272
70318,30961.257536297744,64.41822233666826,3.0381671327043613,3348402.046156674,332.7677636898664,1004924.344182513
770313,1887.399007221185,13.333832048190741,3.7479835426624835,233075.5970680945,333.16289111150394,71785.78867896322
487690,43734.07153826342,16.783361283664256,4.374243741515144,2994944.786786168,354.38122183320417,900043.2235881652
421880,46673.79584169701,67.30587104501458,2.29232624810806,2437407.172945914,206.07250110878883,732483.2630508431
596460,28691.525995871238,15.76674687989387,4.489373058468985,545398.6891389636,794.0033593775123,165393.67028866196
745976,35135.89036996772,15.700538221220688,5.924711347049178,850830.2973334567,166.37296886768976,257319.097797788
786239,46202.46967768749,10.968678018790996,2.7604305991349105,2594766.651163915,653.1613261955047,780947.8264384234
98264,35654.693081356534,86.5201118639584,5.170380465153533,1396937.0755936017,167.6537253705266,419750.5154753148
775746,8474.413102798806,69.00066875672056,5.631595175118477,4227972.363352304,117.00885571330873,1270273.4617144526
818168,29238.129648173846,38.260112680165136,5.774806371280883,3700644.4120246638,913.9580285015827,1112852.5050183567
230281,30729.03727275994,33.72284650301242,5.840542417621789,4427531.380725254,230.6223280027704,1329377.8487939406
642147,21782.402893816914,37.97625837966797,4.085838554885887,1235148.3997713258,830.1876468317191,372507.02614575677
903613,37085.767545611416,71.97228249449455,5.909231631966015,4366481.220639079,567.399327551779,1312542.1218781057
399070,46783.983723681726,62.90964888563315,5.0292408285377554,1991741.36578077,123.96369362833113,598735.4935412111
357228,46352.857132432044,24.815645429397435,2.6466857449478476,1622557.8873336578,957.6757818661641,488604.77823199565
436839,23091.12919880247,23.928746826726748,3.90760042587188,312041.4139348478,284.6131086422979,94909.72262790333
274536,6548.664246197008,17.871651977071785,4.873324701488016,322694.78716084757,866.6630780849762,98115.79335001062
322824,49257.218749154395,62.82421757610705,2.9893612632763333,3141769.638724747,210.36950549533597,943832.7324423142
262426,42106.00623585077,71.14981297773888,4.562460734195549,2109466.865454063,861.2457380347603,634470.4392420517
182789,7108.4713789600755,31.203714266000322,4.6664019161864765,1088960.3708192261,62.56737226002929,327260.686957321
518153,46121.25224825124,11.675596882473025,2.6507989752342636,2797609.050894276,536.1914337410067,841383.7308771543
747452,43624.92174104429,16.573733398114186,4.260341249811026,1205104.3014829904,780.970450450479,363998.06633167336
842291,26423.064799177533,87.42880278760244,5.08650764391443,2637356.0366589036,938.0557416181441,793739.2214928091
130657,29972.496351501533,33.63558219819362,3.9955826581437677,1674110.5741936644,913.7420293961627,503476.73513790406
240167,20551.132489636384,71.53785182705069,2.0484124671044297,3721865.319358122,828.6436260702627,1117751.9288376123
686669,3683.3203022795356,59.9730855083411,2.0361538763171687,3709270.0689814966,893.7817821782389,1114972.2173369462
485671,17424.664840649144,40.555171172231674,3.4281173758800487,2195115.25571979,239.25870154522266,659834.4374798513
724094,40339.81898130256,26.45498097564441,5.704776273727128,1637112.2721674189,319.9750809261423,493179.89389221946
75467,1226.96912722554,19.710913452752514,2.914707118414435,1688888.7028256068,324.5200986750056,507023.4350258311
188734,17341.459412866065,59.20103744310933,4.537454755486749,3643201.058196841,408.20123445161386,1093888.5098815495
627794,20510.265985956223,71.97070245102304,2.8883034827732823,1537271.519137469,423.65463686592926,462933.7729308745
114751,27332.384543958222,61.512340283290456,3.2866799586381945,1011951.8380471909,567.3275584219417,304434.6976512582
386050,46072.92520422526,52.42417065993266,5.392168358405936,463475.5876701031,201.88577519811932,140607.70042073325
935192,17970.9537239321,13.356097874530901,4.9154457690797875,2148116.6631002408,706.6843305966898,646918.0639386147
816774,18000.706892915157,87.47910220755071,2.3815971092528425,2216202.5562365027,209.18821233928116,666831.8443263567
697517,37137.56115737767,73.89713533236596,3.7148080839457345,3798407.4128768207,344.7930579993202,1141610.0984140337
466079,23158.679103600552,33.42576293607718,2.116679054581058,1065662.651327142,528.1778740758464,321078.04329711606
373452,12005.636324059116,88.39762634870806,3.923560586412036,1770171.5168776435,806.6185334473034,532546.2723717019
974587,23169.536290501976,58.15052717090577,4.649736046804272,3655069.308521177,752.4957715767908,1099143.239345689
111081,7901.993998610193,56.593812656579715,2.4740104943926062,3722180.123402973,663.2576385899962,1117511.3179478133
988237,9642.962338804942,69.84585435436257,3.1555397556366627,1786134.8450663679,197.98459755116164,537967.9666664528
618333,25420.020864234506,74.941583047211,3.5913465020086277,2114736.9426942626,569.6930783347989,636394.220728298
563986,21527.347025722847,62.518288586520214,5.678124098624199,1427490.7786453378,133.07417670989116,429819.4790002487
115078,45827.4491523369,20.247659709296002,5.973020061691856,4202567.013829166,408.49501795681823,1261859.477522729
872055,18757.301056715023,37.06140047955987,2.1796451959824634,613219.0069203691,442.8407037754612,186241.55040010044
27671,29448.82916362413,84.24669122608398,5.044031693981568,4207834.955436483,87.82086747346614,1262759.6692594278
423400,31980.95010805699,27.969248947508156,3.486896265609373,3105851.0525938636,310.2886944964732,933097.5214266344
360528,1641.6283728283481,39.77336190700107,3.56983274491792,2434233.1933484846,957.8669939031649,731840.9011487168
964611,33513.33122881882,44.56615063553568,5.01705989338809,234026.4580596268,955.950977438205,73094.36588430138
615490,9723.76237661782,45.15239917555618,5.673705728581634,2187379.205935057,384.71070153991235,657733.6811966882
56663,48092.4455560033,59.03516659956204,5.803714378010193,1888169.1430620493,90.94510350090786,567201.2586536888
20708,8284.473659902535,85.4460670195766,4.308490344153283,800974.9608102904,220.14019236177248,240508.50358239052
883338,21316.582062624162,29.2554169466004,3.4284846372020112,2984766.351437897,422.6069037618631,897626.2453872206
316955,5182.133735853549,19.720110104073445,5.150196343435117,4372775.50149414,950.3907130707682,1313064.059834745
138883,49846.83834045142,25.797639188794985,3.004005533049201,2569252.656794556,184.13911036032567,771646.3679607833
323394,25607.555506230885,80.95399201674157,4.256296115334071,3242061.949117801,775.3400514848016,974073.1486050282
117547,30173.865848682144,61.664865012416485,3.4343138460994926,391866.49581613403,153.24841240595748,118242.45279075713
994586,4286.747392032947,32.87254313913281,4.626524294831505,1931911.4515529468,982.194698521713,582409.6308475166
915681,37748.063049559714,75.27575511748938,2.9615956515740276,603140.9195754267,412.5356741536782,183503.62745789977
564042,11285.374061683702,78.90959970907488,2.766371782939303,2792429.6347160107,786.4728119541032,839511.1582807618
756102,45004.66018259498,77.72114709522225,5.672956346701748,4228706.317724422,375.4615286705752,1270841.6281459625
767002,11051.842383618352,83.51412269116436,2.4072147317981476,3008439.800199926,646.2854333008682,904687.7384015404
147483,10343.698312519662,30.179281613868927,4.023831630939727,428701.44306659896,232.4152805030349,129317.39380982386
663271,2790.9337245566494,70.40335429970227,2.8834111318520357,1654077.9639842154,188.7199683321144,497733.4728182352
989774,24131.280310389964,46.8431597819312,2.15571985330267,2518425.5033341553,941.1609325897247,758368.8478120195
219835,28677.215529868205,77.35988423120492,2.1440752731657056,1868146.2045476423,921.7649140092118,561723.1047414435
406896,4219.723331989266,68.27925417292906,2.7008870884233094,3766370.08619551,893.0954932022382,1131257.7518835065
89896,39000.85321805552,72.11579571997797,5.4670814180240015,3682699.1307710526,644.1617776582638,1105920.8095923655
482095,23211.152902653354,62.49294701448572,3.1299149759081066,2788174.7986552063,817.8548006554644,838291.56226594
76295,26695.123197051424,24.19430155757655,5.801836682301182,1736949.5380352302,115.58509006580617,521670.84802642994
748974,22597.37459997318,53.60215351175506,4.326489171956775,1216033.4082959066,368.0495897961452,366797.6653411781
892121,20637.389982890974,88.77357916196065,3.7464567590750644,556905.7433199002,348.0179685192984,169460.93855318896
278255,28422.376234102678,84.99104531976951,4.320355338677818,1655098.7841757033,653.8630558549826,497797.0135291194
304648,8606.772050604912,13.453898863760934,4.066793540905071,1912090.800886043,388.1598847971085,574709.5041021591
662162,9914.478394268284,23.18518525835497,5.0351050150293,3070379.0997089646,191.08144256149677,922691.0976827384
13155,43227.49542966235,20.538301876364955,3.129984263891409,2992484.825152299,616.6437216428666,898589.471034894
471872,47359.657644548,68.07839279882364,3.4122015664012095,399176.89581794315,823.6647246356274,121819.8847479972
830816,19292.156497707896,75.4228263885556,5.576377210133003,1833093.5810514058,413.0173197369745,552136.8143608144
379705,14266.488984034135,27.080909304853755,5.785826052601622,891644.804428566,175.65527934355762,268581.7472746751
576542,32555.97761871177,50.46821543614632,5.570232909945898,781544.0304471131,236.8537874471819,236141.10615751758
813350,21027.974383806722,77.256242240896,3.6777919758292543,3738402.4803412543,275.6091399109148,1123561.3870837474
615269,2243.931427356898,68.62412358130004,5.121462012027527,274846.1057186957,334.9027133448094,84202.25423239174
983217,8651.477270943327,53.378976439347866,3.905342933204395,1938596.482728355,660.6553169809937,584229.6357434663
559594,36082.63921352248,57.22781523670183,3.9901594085844088,831778.1219303452,620.8982103108331,251537.451814236
152718,33287.273153597416,50.6688437533024,2.818720436229136,3967846.2511420706,711.2758684886873,1191512.817257913
313987,2327.703632670691,33.803876105505644,4.364521213034066,2546548.663542905,394.3768853049375,765012.7620512311
650263,11876.635934714523,55.20175942872129,2.7445435910133917,1110388.6064218997,832.7977692859794,335181.59483204
363745,12322.6650328155,65.11082416400725,3.326258796268775,2305704.33640372,243.88327809797227,692748.7320941633
112512,33922.74443633769,79.86583326886462,5.420120806479741,3315854.8462907407,495.58871014224627,995660.3683085274
152443,1965.8163499638435,60.903308318339846,2.828303236843421,4315300.419334703,810.8917854643588,1295485.2988307376
475587,6101.3205172441185,70.88972296345264,2.2846331406937312,1062166.8787222975,221.1507153459883,319507.89242857136
378616,40195.88818328628,22.80573079636584,2.276030370451265,3998061.615090412,154.3699580537438,1200717.0343288362
662409,9748.688440662347,46.92459795358319,5.763138082012432,4210281.143478632,889.4997693035903,1265106.91961901
691976,32984.55928474186,10.746529586167464,4.0276817518473385,4131414.601386412,375.7831796212361,1241580.0943166143
370871,12670.9562712896,29.73430916172984,3.6376482872680733,2892177.3137610224,699.6766186635804,869030.0552571436
380037,5872.628245207913,68.11693720904039,5.243514324031674,2867509.086057061,74.08117405074155,861027.2983042119
812364,12915.43735897325,89.34479610794908,5.343303711642064,1868158.8923406585,705.5445439889771,562712.6925199195
122796,36391.0796609273,17.934247966977274,3.3287641324624184,3408074.660959705,350.296245969622,1023188.2434564572
296999,42929.126937208,42.11954526890306,4.774472229895181,2433006.62092761,102.95381090806966,731066.450340748
197506,41680.77336378259,74.00567749593276,5.084491263407546,3077501.8941167784,629.3221234707112,924553.730363977
995198,20461.992951304288,26.32285077031191,4.618602747463818,1979499.3559731878,278.7636252695146,596357.5180934677
703376,33736.17169196166,54.4067959441829,2.6063802992003975,3315899.406430243,417.466879949286,996737.3858444863
274544,11044.230475375227,68.64570368237398,5.503532334068228,3725919.392636061,126.55177167218791,1118551.4205218516
385002,15364.23878278965,59.278836020814325,4.156378210944035,735783.8916184191,189.80508854019806,221672.99320504276
703002,44920.45510753487,25.04197876923329,3.1298897054800148,3763220.0456823455,333.07837372105155,1131138.9239451652
544439,1637.0942520260658,38.43076549485915,3.7009127417507757,2472707.705195255,135.27152553214927,743080.7207124473
973911,5189.9180118689355,72.70334275883178,2.1502843615956295,3814976.6590878894,915.2849514519995,1147190.1151292748
595978,11186.426502155338,54.33812113056133,2.5114672048896702,1992040.5249638744,55.7446910247795,598965.0013710049
533787,2300.077989817166,10.418369083433019,5.062187002063443,1761568.5405391846,509.66720792109584,529984.1712928334
535583,9890.336319400069,70.8792608022475,2.0000465390214646,4125417.8304009507,167.08508522592388,1239079.268223623
912317,29569.036487514917,12.824908395219126,3.6662633139291687,1197656.4698884496,342.2951350040511,361646.05257135857
393215,21649.8029790324,69.65870261849858,4.090040724342353,3812976.354511891,929.7565818273522,1145577.4957774985
326184,44740.91384277177,26.19844481321899,2.218537680003889,2224530.7247664724,203.60982561028752,668502.6915825378
803615,41054.7345251836,86.64587840955042,5.892312651889331,2357160.9016510556,967.540703732416,709781.6295063602
427515,17749.05023319592,39.43526010416676,2.9045013249986877,1450345.1213686245,245.50465813995064,436330.2422465464
673234,13711.748238133332,36.15452930704633,3.2167948785451235,2617116.104729859,754.487803043488,787271.227966067
383480,19604.92800019608,21.911044026595576,3.2157700490201093,1524181.375578092,569.3434016524461,458605.31755020487
37711,29924.452183225578,34.44833723921719,2.9216666484693996,263178.11680568673,890.2547912169211,79940.5741808393
796971,14135.118400320936,80.13206094625605,2.0058952883452457,1289513.84956861,576.2935927279744,388958.1879184398
506157,31583.296484607567,89.70674701017978,4.917379176351986,118131.5814230649,557.8312581984933,37124.72916395131
189423,21061.17095737078,39.464762440547865,5.867381999197141,4404544.6109207375,235.6851003499799,1322174.6813734844
983771,28050.31186174703,45.8888504763634,2.8971739331401802,4348945.195305087,207.9178939490758,1306939.6118985317
521349,22370.199927630518,67.76567505621897,4.65218876721369,1832634.8618528652,920.6646935597385,551849.2904583776
708714,15428.822217553967,80.89566243720596,4.96758530783486,3302115.467637839,361.4462889075324,992413.6198293668
917495,47474.21204114568,57.44354673494273,5.393701516362099,1615004.8939899742,403.47814221475113,487189.9216957429
662917,38416.68391382828,41.32205585422635,3.6905167880544365,3049520.822749154,771.832475506969,916995.9170181475
829792,7865.545612556175,43.0097472678899,3.211723622561717,3641946.4898327678,371.88230830166697,1094663.296165571
742378,43554.93081899773,65.64945171974455,3.3011805360921245,4265195.039092781,954.4593243070526,1282227.3564539154
138272,24884.128714226168,10.257461088342295,4.850485332394051,1854936.1364970536,751.0313805488603,557594.1079634506
772836,44833.05911781048,59.56714699678726,5.267117866022544,3544344.10483617,617.557780444749,1065653.4388681408
991001,40192.90754141845,38.43944083530859,2.7264558710264106,1262744.4672876438,886.8504025175149,381864.73166974273
707335,21835.46171899244,73.53578650216674,3.483764032631061,4457365.459729989,97.12561293200861,1338806.0868776038
812789,2100.9961076857526,17.439251185850573,5.6077607869966,203643.93055078853,294.2095575797483,62947.60433248531
648409,14165.190609862359,57.05618135587124,5.226774078778957,2751562.0366699435,491.78451750986443,827377.5524407602
82505,27540.07651838248,48.4778311908899,5.939433611049903,2998421.3790823524,265.629612497945,900259.7086878408
7869,32040.432771481217,61.38604207241819,5.016993038728323,3124280.906696908,756.7099279370443,938173.6452436873
786474,13636.496586226913,15.188287558637468,3.572780804111689,620909.2224598825,923.2476295010389,188547.9768765281
459351,7828.447629568383,56.3987029942505,4.3625513359785515,4228916.345116505,452.58161393437723,1270072.248733749
317252,41911.58160316566,54.9187670367619,4.644057016989281,889018.2606108652,375.0259701063002,268044.02864886855
641584,49235.706854474054,54.85280755329367,2.313823265268496,2836342.508287699,963.4731955306879,853129.5037078515
623467,26758.818932831604,58.279013327716385,4.17798783641546,1072001.5089328047,472.60981118616377,323542.0407081473
95272,9412.285006566872,64.11743497810897,4.837283313890438,1444824.3990638047,514.5959804268191,434110.7610169394
43467,14343.058999449078,74.39911997446158,2.6692852160042415,2499882.1690210286,384.0673787248101,750593.73405629
814760,1901.14315082587,31.585657610257147,5.122526869702229,1929822.9758697823,914.0710493615314,581149.7802265796
882844,45800.64152146445,76.00395281440497,4.335091122056447,796594.9003063927,590.5077091177582,241315.72478016483
485047,6769.803061616915,49.86045458107629,5.808887142790379,843829.534675941,774.0658578225624,254782.95833269364
664347,29249.307300198423,16.164662330746495,2.169689192827567,1934018.5157979464,821.216382433342,582440.789860605
63871,14428.705813673094,14.684074339518336,3.061304550221868,3429617.9341949583,374.75658982139527,1029265.2440857727
944903,28154.722123273878,36.73906549568486,4.406215517199296,4050024.0925987475,462.00961475436105,1217424.3319009095
133391,32919.59902924135,72.7917581689174,3.186239648823723,461002.9905638783,856.0481856859515,139783.92227414373
444430,41657.34838165288,66.61447477927325,4.857696656284968,1823588.2323369586,395.0925840920197,548648.8646918955
615704,11114.642316269557,73.08919717379251,5.036021130087724,532082.9360178859,804.2383767792587,161625.0236357033
861703,1538.7956042655433,51.38152451532875,2.410063856265898,163172.83958975668,943.9427064457152,51295.82098780038
835496,7707.395873371556,45.21591983643924,4.055417856827071,3008179.3904598486,642.0498544146067,904460.3039981854
261687,45100.91345055715,21.796202136502714,4.035562222364224,2746802.0390726523,754.5459230792944,825545.2391787821
730451,43820.613800563246,36.25542028874492,3.4771230808621643,808914.2919236482,814.8424464390781,245132.7978159687
112450,30273.242006345106,44.72154929391002,5.731699450278688,1121114.5939404126,852.7876664518104,337445.3965646234
176890,30425.326161249017,17.08803437436938,5.310025279492885,194551.19357232604,425.3006709639562,59335.33344411318
443741,33586.79705276652,27.6489562168969,4.788837527638547,3772117.1771123204,98.70028621719825,1132976.5818715678
286974,9593.19265254903,57.85802352509911,4.85730654293999,4388385.528574112,431.78245767490256,1317494.1681555444
939933,45806.18535032303,68.85304913913518,3.8468645752524764,687376.5572645864,690.0684182948853,208923.33397931015
405109,21519.755719711582,89.86780091143598,5.683978084386304,1110805.6927049647,477.8328664917531,334674.1513547633
121381,19773.787884225374,84.64906650748462,4.778381709013141,3919686.000605979,761.5149933173786,1176704.0828356454
478125,26426.96755885904,61.40521596281532,4.915924246623266,4175705.348986775,389.13330799523067,1254020.9913019245
576621,3301.332371977697,43.69984426352576,5.446763615149381,1940556.7581780336,653.006934048828,583909.3545062968
139508,9147.88506904789,60.894189176658614,3.096286357368764,313245.10270661686,227.09881461127586,94566.13358244498
734650,37163.64720489215,72.85212944641856,5.228283615466812,263717.9865853336,761.900964812709,81506.4223981155
867645,5057.134728331197,19.466895273870986,2.780962411825968,2621118.909364336,568.4111703723745,788392.8085926648
404111,30554.453363853023,42.79239117570306,3.3813678089795514,1822667.4302189194,243.86116911927056,548028.6745431165
155810,13022.106374384726,77.18418285084938,3.342441817079371,216357.2056174564,327.3156148229169,65564.70200453102
297890,20075.485088056852,40.70663615464352,5.914101873556563,2662143.0500983754,761.1782731527408,799840.2204523026
578665,15145.993101764294,55.74978169817492,5.426148894991707,139844.1863575891,508.47117387844463,43568.416049597006
970908,18427.963106782507,57.021548868975856,4.804679446361039,3562310.335438294,255.22986837341858,1071084.2625240232
845477,36233.24935402803,24.75810025069115,4.90822704646156,1441368.7481218686,968.9076308517828,435308.18003834574
365032,15558.964065535576,38.97883533218307,4.248291177610284,267537.79327071353,729.3687688260435,81634.89879890323
962294,28753.827374547964,36.76090309935457,5.788362668434076,2684633.2945357063,959.2780909128063,808376.3619017152
374599,24326.469707755885,12.095736682565184,3.985035011529446,1843788.2676497712,455.74979309232606,554275.8822283382
665960,33519.88710276976,11.93534111130842,3.522070839479578,4384459.822905029,501.34532365713443,1317438.9661803495
755020,46904.65722691314,76.53576349406188,2.652141347726364,2489916.1016413267,903.0574553757682,749515.0963605214
884611,36896.03276330227,31.845664797824995,5.1448226090442315,1303804.7883732065,548.7968732331153,393718.64304233424
176836,11532.07855094708,51.44630129910524,4.937775728302366,3218625.3930358286,721.9149663103838,966559.2924944279
734903,2527.973618002949,33.898045887101844,3.5374201540965395,1287279.731213357,289.5642336207535,388029.73366317624
50714,13850.938170691428,85.25433960922724,2.1007736558369174,4077712.915107362,474.3901452675085,1223804.6826020672
979339,30158.818604312488,30.7437407092619,5.355989310872043,1742523.88993753,167.27737251983734,525222.5307173411
632234,3519.864860728267,44.37254501911481,2.0456719338162945,2514920.361843065,245.6810340831136,755927.8109114735
901048,25321.94611286058,79.81842003876815,4.814799118516204,313027.3878648493,50.89624450424953,96003.41171852604
635271,30245.299596927573,77.3546853433447,5.881028438904228,1969194.6593693378,87.30179906622722,592399.6560847284
471960,17377.95065003108,24.888113427702187,3.750645312592814,3760723.209904988,978.4196320180828,1129952.4977308514
716851,38774.69798354527,74.21146478365684,2.939893619983811,3642911.231652338,280.2360103799242,1094900.5626810726
129123,6223.314403554818,46.65495093903141,4.819484040173527,1079244.8445440507,680.1451740288019,324585.5339795127
941093,4681.7513050546295,48.637509766828416,5.268512568062341,1087008.7031565814,847.144713859631,328672.65047191933
310628,36681.249053976564,20.6783977932755,4.18572126431139,3694316.426860374,573.127436274736,1109712.5309550453
87989,25279.074494103726,16.44812110056997,5.868141101024585,4193057.0329467254,195.48727507975838,1258591.0374759256
303356,34731.71742495907,68.23514455790121,2.2066748866318444,510541.6628139457,741.710615469358,154735.69792807184
834957,22306.539591583565,49.716892188423984,4.019182393218113,2074758.5998696533,620.2388395946039,624667.2742797019
183274,13073.699628716233,44.948056209214364,4.8738157892902,1578173.3702322498,744.6880598800063,474579.5766340732
692995,41136.013566035785,68.36065829219174,5.450561884596716,3929736.0885673077,781.2592917142329,1181170.25934385
330352,40171.378069479986,71.24103191928879,2.71702244763116,458344.8737388828,976.6398493005079,139318.33644632596
825260,35040.12707186691,22.712653413548285,5.200013927054726,1021065.406680945,594.8851160253745,308823.8011716548
416927,14335.111724268172,58.8180119582113,4.210828302874181,3408385.36875644,374.5590570560717,1023581.9886358641
794852,29921.302676585266,20.828326582214842,3.586214727959853,316205.8740071607,666.0413290552252,97243.09574121636
888184,18687.720950061313,70.11000688232366,2.5268601143163743,2262081.0289500155,115.01867378049482,680630.346155043
136373,5487.521593005074,62.55641250137116,5.461183035635649,2039692.0229375653,902.527452405507,612815.298882643
443452,45948.365197649895,86.52916968667664,2.6290928327188614,1564709.1993403817,163.41196077128694,471017.44006538007
120294,7704.112915029109,15.516641308513694,3.239151436836397,1830063.910556454,361.4506959915273,549539.8697943356
464451,47561.63033721932,14.564377692100345,3.1601821278497475,2427037.988362327,824.9581115948149,730027.8204890296
976744,22854.282874939832,32.57496597545601,5.485656136763417,801630.0504927696,617.4467594141762,243136.62773455572
653307,10071.513513092363,30.936454698872478,4.690811976835592,2612501.823230644,423.95374426357,785545.1099370877
70726,27553.14642153955,29.758303925759986,5.186725588765489,3641956.5722129396,499.76387640627036,1093364.070695728
146564,43774.345957944,82.50036644168293,3.001871595169996,3442309.7003746014,861.8200235420713,1034154.57698266
382812,36879.0194340685,29.963695987960488,4.499496398427995,768698.5796995419,373.0041667568975,232079.18788432225
273246,40521.496245211034,31.75597809029048,4.286983932574994,748190.1615598999,876.1672005715627,225824.09845960737
710696,33280.38496882515,70.7518609934371,5.331321507153085,1272648.9617550678,133.72770942785692,383612.6660909435
123015,34921.55166137477,45.9791873960432,5.624348241925042,1682339.543163974,787.9585153481992,505818.3179984543
745674,42610.58692670064,72.1368445564145,2.0486270859095472,1891289.1140114083,855.1702514019995,569957.3796372155
259079,13233.732434100111,15.22929260515082,4.69607967623517,3087464.7262350526,222.7267701954718,926806.0591621071
555929,24981.823218513884,49.005695493870746,2.207343196478916,339960.70585133415,458.82920575359043,103934.55583369239
694944,11839.26264916051,12.68908801466261,4.195434660309424,242906.62563695275,207.22478593047285,74598.770996119
693105,49395.7323918357,15.012256276428362,3.150530916174713,1818325.5825826388,721.2739225445068,547912.62356665
518758,47258.90764464405,82.51499626755287,3.227106398088565,3164491.882328494,558.580379658574,951378.8425945746
945597,2931.913757056789,21.139629689407613,3.4118340138094263,943049.8624380882,653.557179372905,285543.3294884238
988609,35573.183453268735,52.593654582017365,4.4851697961984405,2919034.76234007,236.6626186084006,878315.9132002903
370890,46337.167553367624,42.887648208056525,3.336199862675077,1235842.0883167207,251.15856894979854,372243.0070953649
450101,9848.191911239343,37.78746610070741,4.930796202361122,3997639.739867607,89.42245923441105,1200389.035211012
41631,28829.316297078843,81.9866676549818,3.6181095422954788,4039992.6542157787,355.96415843594326,1212618.3649776017
771577,45858.92658181405,11.74587174203916,2.2734128012398345,1401036.5708806498,581.7574282669912,422683.14495581854
77991,2663.352950704143,63.10317489404713,5.135039369936429,1104272.4549778905,865.0381682974623,332009.7875796159
9014,35173.59309509516,87.07155473708403,3.143033298370824,1903850.5168120798,683.5810750857466,571946.0859059199
278237,15570.101361254987,54.81345467694736,3.7310675183970505,1150744.290644456,463.62650722976383,346140.859830434
23070,46295.41357344999,84.94579696264735,4.741775532887607,3055212.748916413,955.4641086744309,917753.6181294784
827209,48581.85401310302,14.180630342881901,3.329824628594848,3732945.258857939,733.2829405470403,1122384.5855897986
61958,47269.05796655826,43.50346552593291,2.2263426245868625,3058336.297318467,933.6569427194225,918779.1038273703
87074,24236.496616215725,30.812623276964093,3.4956841880512544,3725385.4723696313,551.2085746085575,1118430.3054082496
540017,43240.089898476355,68.46567719845838,5.777794330777214,1840735.435334961,295.9590610534826,553980.3960598431
760073,42382.92052821845,88.50376723977973,4.566937589194232,779357.8408260763,100.18535204648589,235787.65354211957
181089,16635.923188919525,30.522404995539823,4.685916594668828,3344363.678023381,739.780608909658,1004685.076564882
202392,41616.85823338319,62.333968117925956,4.52912861455056,1679692.5676742527,165.2378481052574,504999.9299129682
163823,2813.3741010591384,25.84781062077921,2.795968555837747,3050304.3392604743,337.6363718583688,915571.6601816934
635152,30217.2240456206,55.22642036572879,3.6733354564091205,1283539.7841395866,555.8473624897025,387062.3968010814
398002,12270.43302709745,47.114598935066894,5.0037591934532735,448222.68949742644,586.1957583907603,135757.71466209923
738429,6907.777403086661,87.76042637052296,2.4054915902126366,4467285.718101037,620.5540371377792,1342072.2304943001
503863,4770.706879831248,58.68218181571733,3.111411104358849,778848.6499739428,207.9425638322156,234734.2035949823
372654,35118.15001802885,37.960509766945506,3.1052764338634145,4448936.583378951,410.7505345805663,1336121.839913829
584036,17653.87322463524,19.12766279103467,3.728075710378024,4399804.5026180325,636.3345157611184,1321680.9416505944
535089,36513.57180490931,22.099746298794763,5.92147496376874,3590737.838234455,971.3279214020955,1079461.8797232735
155262,4202.460699148176,28.025354396098805,2.2700101867352878,2998055.2627816093,741.2495808147042,900397.3291527116
447905,16449.226553699904,30.07733290722384,4.0748039775223805,2638129.0916072833,926.47356923926,793303.8228379528
240362,27435.073326391524,78.04928462729103,2.717458728048842,3909507.815116251,774.1014553984681,1174073.7364397196
449209,39745.435077109214,54.897823062601994,5.8827061816389765,1366428.2903419419,612.1311204477804,411727.05643849133
558880,16618.872643671428,51.87127290994931,2.453214018909857,2152474.1470583077,232.42220067952732,647261.8063125178
802079,31668.677445413447,19.181509749537398,3.614404009446365,2821509.7649062737,683.3513692978873,848821.8153318941
669076,44412.90966357317,78.8111754679548,4.951539939338424,1903349.9985844558,642.2105876619117,573180.4680285199
224963,31177.296220932923,67.8251442566787,4.818217712109782,1975215.2625380817,622.3457119344031,593943.5716199133
485761,12415.014262928054,15.413468952000127,3.690914547575729,1546555.3836841923,515.2965745888287,465463.42833696265
253710,2195.638296270363,66.62680777838149,3.386096671810873,2578262.3115788037,552.2237737898118,774471.822416298
225984,43634.84482114556,53.483057387411684,3.5904495142114823,3841033.6685466617,367.7204007621989,1153388.8917862624
902059,2042.2011316689698,16.538027659742262,3.057105052634557,978740.1470078396,543.347058010188,295719.4572315037
861748,43860.381961525774,46.664051322292515,2.8213317548271992,4210849.700902676,237.67811039455432,1265538.213246453
787355,26917.91956733339,48.775702970403756,3.93215879023556,3128876.5530296927,814.915677492358,941082.1159488894
269512,47014.31722713191,23.26196321306206,3.0741350242704293,3720634.8679189333,226.48810696377242,1117265.954799105
606863,40140.378552909606,85.65585176002259,3.1498466595890005,2542800.9544983516,130.7179753949931,764557.4006776558
273799,49898.77141613354,77.99802971845295,4.627024253898228,3527668.65328012,464.4337250392995,1059522.6700067015
242549,18184.8789571338,63.521786986328664,5.874149326799569,161443.75226705038,675.3920675307587,49487.03683199567
599319,38592.22615762522,46.98364488004857,4.4145488022375,3699057.67327775,465.8309836868643,1111714.758620077
998933,20694.614766852865,42.941243326760684,2.307917868259865,267012.3685664664,312.9164253537432,82597.3357945588
489299,24513.90539489153,62.07787737207633,2.302334455416268,4014517.989760224,580.2626246959187,1205954.5379211728
617210,31747.767697700136,53.634549552552436,5.805692883382264,4464555.715322417,379.6522186415899,1341108.9391327829
453982,43810.1785951306,14.98184847055085,3.1891631612293345,1386837.5081995903,936.2243056203014,417965.1316279926
129046,49220.08999076546,51.000211901626535,2.3682679443299017,1017504.83322035,926.5128826233935,306622.2663883814
411619,38645.397279361394,74.51228937862716,4.396178348601526,3465252.4346139594,527.2532289734906,1041237.2067437015
37097,21470.572326199355,46.73919020775664,4.494595113161065,1205846.1634583168,361.48979431734557,362408.75220196904
671326,21646.493111576438,14.156526204341473,4.594019280474752,3907130.109789417,750.2757932588071,1174195.9520197662
654150,37141.53277785568,72.90225595072265,3.069608111430165,543535.8314144723,84.87729630891332,164696.23254469762
235229,12700.080142646815,26.10910257087795,2.0604427368579,645462.41603297,501.0305557414687,194622.68612267886
123834,6413.231543438338,30.689666791043102,5.860061477817887,4408058.3579937145,369.5072245568169,1322933.3750977253
98848,18376.48572439805,23.17650827458367,3.00357218276441,3061629.5413707206,924.5090908474269,919479.5134036673
57921,15074.710591050005,36.4172051897198,4.7041051522101895,3824772.659731682,61.40287590904842,1147895.5963130968
710086,15519.097902343514,70.5401204550908,4.826519479514838,1520292.5541201944,575.1741319324316,458169.0682416659
655429,12446.779801445588,51.550868760314984,4.440029668317942,3073293.3353858655,753.6304020132947,923986.2877313122
710660,3062.5662921817325,26.390501932057006,3.251629576854593,2710606.4584309137,510.76708814783916,814879.1668765758
289821,1875.8228019372768,80.22640625216327,3.084385015056263,2749892.029742196,131.13287865458557,825690.3524272462
60609,49398.39709706554,80.36654839612234,4.3906731308108125,3099968.146561352,973.8383205265071,931411.5335310579
232897,21960.883553057254,79.64627400368056,5.4643825344467665,2627333.9534993246,542.109909807293,789250.8420545885
979165,19832.005710824404,29.10369691052314,5.786934915693582,1982165.0486247567,633.4769321030608,597412.189395739
36024,34302.716851960424,46.099147534479044,2.4236232176150305,1306819.0822182116,274.77929357213196,392792.2330271468
75313,11694.440505388144,88.79917249127001,2.6193144503908794,3479443.669327221,509.32318085146363,1044632.2273266579
394957,47548.098013561044,71.76099810479923,5.778945035132319,1087861.416314051,457.69201736040577,328000.03527442674
189078,39530.90570636205,12.173393698044785,4.94614091333917,3143282.4901409666,121.15104990188455,943925.8790391474
362429,5381.139113300716,15.216367300839364,5.531975299319092,1118997.7478835303,150.85233587009387,336751.9081782658
937842,21461.458013461488,47.114510144986625,2.8105305365413726,2847706.0494991415,845.5988936378359,857050.4689763059
466243,44076.79707054607,82.73761646892481,4.350343484437607,3384615.1580390176,277.8289545962607,1016919.7730764478
118632,47291.86909227911,53.09614383621714,4.804558377669895,1054528.2500778378,235.210357923699,317209.81866586447
942012,23902.674051243615,49.82500064274322,4.720447541787891,354349.95679836953,529.6658786876324,108843.7703781588
256451,31057.158071324677,18.437895996530447,3.6326067634667925,667594.2066043078,780.3097747943873,201536.1374011845
8051,9184.663358511687,62.542408377943524,2.061579566765234,2762446.6256652223,108.84919265003853,828910.9856538853
709107,49567.26268071185,75.76825284801804,4.3317042272170525,3836058.6514554936,597.967523656343,1153277.5841503313
381836,12351.913367788726,40.43360060060499,3.012406156718435,288435.9816482215,163.2499206985447,87326.17553827036
616523,47193.85693262116,72.0489480740262,3.8010169845715613,3327607.05237366,84.63799828433753,1000215.1977279217
976525,32832.68580062606,87.15813231206494,5.830324060335269,1595215.2286397298,100.10675455410652,481053.0513136694
726772,30779.102949064098,26.301316730215127,3.596141270569739,2200310.111345094,842.4559027980192,662414.7767439109
194407,26121.737039808922,51.866370495579304,5.359206426657707,4186270.6148189446,162.0738594466585,1256723.20931409
454395,12302.820774170175,32.971036646766045,2.7541624229970045,1553994.3358850784,92.89379619167735,467307.5816635727
954597,9649.873568269904,73.42835352270714,4.689841992100115,2142135.8786731334,466.0048927857667,645115.436591701
467894,11803.824244438592,56.2074692704926,5.908027817755774,150339.44909460368,851.7937983449235,46876.91470956918
216810,10135.474845068471,60.7665934040243,2.407572403491747,449850.3552213372,299.2879576648368,135568.57534524618
962238,39199.63920477091,73.83313276927153,2.033279768908768,1230388.9169043975,450.62698664962056,371813.7873375742
732975,18156.137699169776,41.677637812996394,3.7343311705304574,212828.38202093812,87.92640593556366,65553.5994560257
78523,3834.291151606422,83.20720547256346,2.370501932205469,2874365.187872787,476.6245884281321,862854.5578916911
765463,48486.028876899756,52.6423093796912,4.993537398704925,1970416.7534951554,598.7324266052769,593509.4434173668
99476,44305.50836320786,22.63638582682784,5.658194655394236,2507320.344030577,592.3617010645376,753454.7363444482
238841,46459.86187656543,65.67192945350419,3.7360838908350353,860194.0898028134,365.8053575656469,259375.97431487739
808451,49750.48330967533,73.46090803506036,3.034846568621764,1395060.249815477,349.75652162997875,420814.83541392494
875045,9520.867211754878,35.34093416540213,3.737613276026439,3017465.9341005175,151.292437989768,907074.4435678463
227866,20415.858926230278,78.57434055990024,4.893791271400004,4346985.0112100635,398.45840461395494,1305016.2878117424
91672,38153.68530950048,82.4914603812613,2.036216646321484,312337.97158574255,144.51993542931643,94416.94305843995
603135,35105.01028463582,32.15235899022471,4.357815957938788,4016594.8549717236,778.2661474764491,1207124.764943832
349894,8540.899410652899,88.68171781721776,4.453166739549516,2634046.0977824293,967.9605828607765,791819.7437671216
739994,40975.82312454027,21.256922243900675,4.550752987583742,2576885.2893923004,971.5707338333715,775736.1154536626
33251,11997.588019996372,26.1612534721992,2.968088319923509,2296228.340266223,871.8175444066242,689775.7415226529
632769,11967.06312630853,24.73798713904209,4.8562108935125075,396027.91883744876,620.7525418726382,120683.8407569802
379710,27311.746721777265,81.51917680062964,2.3655659453271056,486356.91615646856,715.8224123816859,147309.51000069102
555233,30054.056807243454,62.343404185996945,2.7970813458672033,2740021.9449565695,320.9455125463934,823633.5502972312
882284,29424.224184052746,22.168342657781828,5.509880186617927,1593627.3000308122,649.2318991639896,480733.91253828997
37217,5482.855032489989,45.22587346946792,4.954892602906265,4135152.173607572,482.8670719678836,1241030.2824594625
13308,43995.58226888864,59.22384200558416,2.054982216045381,1883064.2697552727,507.91647278808585,565799.0170360646
273093,14014.402086846598,16.677126799150663,2.993505041479201,721871.2328786472,769.8877323564001,217768.88013445493
188062,7346.231142857405,80.5933094725871,2.8576259319726582,3241910.055743979,317.8224378173891,973152.3560204264
399366,44548.65591357988,74.28828283532282,3.0832253121478903,1383688.5885548533,352.1376311097939,416596.658773383
749840,47826.923413257915,50.41654188613106,2.9902390811195456,2407324.055439489,928.4097015722048,724868.3877696943
105235,43244.25324600708,87.37012922073363,2.250105182971383,3167442.5840777997,103.41308010842363,950889.3901593835
79740,40666.287661519025,43.420878342007974,3.8357620663872813,4060164.7304011304,511.3525834926734,1218966.945447328
383496,33106.857051312065,88.72882552291982,4.9309338991446605,3583563.1690753917,917.1607603874686,1076735.295729423
858049,27992.011159847825,63.43359990429016,4.426926898869746,3072752.3093187134,629.8448574272492,924393.489753667
755201,5262.351235659096,60.77370186031531,4.691486674392319,3087182.3343625832,569.0867205015255,928107.0596980028
808328,21014.207440464237,23.2763916236628,2.3245967141449566,4261527.680181501,287.2569702678875,1280641.9167265447
922230,19261.737333603385,80.55422066437151,5.805962840707149,1394584.269959724,376.11171461122586,420853.5134497055
182247,13727.935404255984,44.19917503364921,5.353967335372099,94904.33540518647,859.4459950144583,29591.141453561624
668165,36447.58557074066,22.978672462598347,5.22036127398265,1289319.6069460562,581.2572251800352,388827.6759966423
534525,25297.91101885977,11.008601598060723,5.29193522016707,1050900.9841539408,539.005084068941,316786.94737346674
25056,4971.264579474749,54.7804546910706,5.730842032531045,3008690.520352732,144.6007278630275,902686.9127412437
181615,11788.976895540756,52.19196976981411,4.177015864454791,2884668.1549659832,65.22674863236696,865808.1169811371
192628,34479.6794193202,67.54828978953269,2.8011280714705036,2707164.697727832,965.5009292526967,813703.7879516336
643836,4730.412115024709,81.22064424142417,4.467134431410164,161633.5845536908,408.1368589224996,50140.604387170904
378632,42709.13878838967,16.352526771442363,4.971525974671756,3303911.2201273553,623.0524089945291,992856.8585683306
139415,25262.179823684743,68.51971922722899,4.951669573416101,1516769.1190610176,125.72931952792074,455449.4883012239
411716,24548.742289005753,24.99295552780658,4.08579609666752,3022896.911519243,698.9585714368942,908326.6465684539
451438,30027.98144831636,78.65416425257311,2.273834877334312,2544510.869694496,935.9383732706629,765307.7180279403
558663,41409.36733033231,75.52508110893248,3.4844517537205113,1601443.3811370707,596.8819903475487,482424.5748236192
670022,18042.65118720746,53.26350039884355,5.68306643385343,683481.3379291152,169.80955625664004,206694.770209267
546252,34222.791475394115,66.81942388986492,4.337795639029704,506387.33868272096,602.6354510998029,153847.61057820075
642717,28720.86623579376,35.14800905469987,4.153327773022854,3756995.849024906,778.0298524494198,1129398.6072855701
257764,14084.385238301646,47.69343191462517,3.075414057528774,4140133.1605796707,436.0957097453177,1242992.4751754438
719998,44052.86933140274,75.73095181683773,3.4737956796663156,2955565.2862305613,885.8458605443944,889190.7220759367
471882,40073.875058739475,46.741215773857114,5.581384356612677,546144.4465347317,666.2488056894963,165699.04042785702
745427,33264.139898262845,38.623861226035345,4.665852190107342,1862940.0264771415,904.2864723747424,561599.112904204
517153,42678.50472561785,49.53699578002399,5.149548107009331,3304621.872463743,642.3300456849704,993110.6190826627
72215,43497.415847030315,76.25994019497747,3.8173816922706205,3529010.0984844,174.72357340458302,1059488.336418104
860474,35709.7858590367,36.81664378966982,4.520988877824632,611344.1243037006,344.2071255499297,185731.51202490923
149356,42013.65308981993,23.900927450859506,2.99353443497283,90135.47010813645,241.70520083983408,27999.133002347757
208861,35176.1016217949,66.96112162646246,4.8218433211339455,3230524.372333468,913.3851728310192,970521.1882423649
360612,34326.89781625472,76.07825701664655,3.710405334813349,1662589.136099167,772.3800639231085,500391.7514633962
459605,31311.95753254403,18.050998281882666,3.7701820592589823,1212262.6724365277,692.5784504645057,365485.0256399376
14435,37883.115338324424,29.189929020475578,4.597289298307526,146877.84177180717,335.9180036500406,45039.01425762533
452556,8771.650159360612,21.357759180879512,5.745122485875706,2472720.3838182134,224.84253344770283,743074.7947638815
704438,44162.66720074749,37.83531292657333,2.2560253864344837,3843574.7432285794,768.6285335894662,1155385.5474155766
870264,43720.33285951637,46.02807831243301,5.29897294938803,4313155.560062112,500.45004858512567,1296456.5318738674
580581,2433.116868693398,69.90610695706451,3.1695324416487725,2584935.2322046054,264.50007454309764,776818.2238282706
83781,41465.02077767337,62.09180679053393,3.7756778180255113,2358774.4553329335,635.7908792570113,708495.8119046243
196475,7314.6235061988145,59.67428539827449,2.087653315100036,465098.6600075533,88.31715953152937,140031.9617821355
165196,17420.823858697953,38.18999572877235,3.204184311337252,2510529.054802865,359.86174142184086,754002.614228394
231507,37431.90455828878,77.3158042467808,4.010524970520522,1765707.7382373903,495.1291448615779,530785.0085409357
311063,8877.234906367103,47.70297339185316,2.224704309389756,2767466.5886965743,190.56041740393556,831197.8538882012
769121,41080.384181834044,88.32839504121236,3.9643829175326606,1804283.194135571,985.4217537112976,543987.9822870315
781665,41774.574719929355,60.73137106365895,5.70844251543371,1149719.1344161173,248.64249636013355,347022.94813131343
695607,25865.918954280973,20.101179325160217,2.421572872431221,508796.86375714035,173.83547354110226,154407.56698982578
126172,1312.9077141248454,64.09420496603472,5.057762912302017,1478790.34063703,243.35813019255158,444254.8422444624
361902,15064.868525570726,36.00832123453592,3.6386842135039705,516203.71920898755,780.6080765017381,156371.74188785956
489963,31229.41900041137,64.9061757348878,4.620694858097352,870115.5531337692,454.23037630825064,262665.58392454416
460968,49078.12272334375,15.57129185299246,3.0409463919409174,4444152.4593357975,587.1451427649112,1335060.1144635791
323717,31958.86282381675,23.990514974076753,2.637969050165433,2048496.685958188,69.95869913704271,615584.6507316377
64101,13730.375472143829,78.4589807124629,2.6418504570849057,2435554.490287123,82.70974314464883,730947.8596085152
500972,32066.279451880957,28.17436456188119,2.2819677825725786,3942657.7117311195,473.5342723356654,1184250.9204746024
293790,27459.28360607692,76.9632900194352,2.742586819604972,4480458.851163933,825.8224810415423,1345791.9864826202
895617,39212.42436240603,32.34208707635283,4.6568775399558735,2659770.7216100455,890.976934772187,800775.4583642442
552337,6242.051302520962,61.43055280469661,5.526762447374033,3673009.550804797,132.37123921585822,1103226.9966330242
739965,38290.36722259937,65.53204588078648,5.256502742364647,1531809.9173247379,561.4449469959716,461816.03546897456
365260,27522.062355129405,51.012380251604235,4.740537239497936,1438330.8523425537,917.5682019653069,433094.9344548055
888811,48186.60818909074,34.4248541357385,2.4417274536444107,1865923.4095860105,418.57411667799204,562321.4077858353
597673,17751.73613589562,27.01155010968769,3.1567497851837993,3055757.0283907927,838.0875398569501,918541.1268516976
655419,31998.47276356346,12.655148364994098,3.239227501289876,3098465.3496149858,177.0108716794644,931537.6072522005
438374,46669.377169990854,34.31571209925791,2.999827785590485,1480205.906804078,938.6247651844087,445952.08330203313
725777,6022.976671543283,62.25302324250264,4.060022638838893,677455.7654425325,763.8521516547376,205197.20073928082
552577,46924.195874586105,85.06438547587861,4.14221525951869,2878867.4910128927,944.2676731475566,865868.062570402
377370,34706.40039273985,79.69635858104417,3.427543900684441,655917.0522524515,692.7863718748812,198503.8306140349
892225,4324.0158961534235,71.28518212282421,3.415156634945744,2641151.961291346,395.23373539945567,794464.9045851397
276967,15747.214780393997,73.0757874602639,5.314222391624325,3147991.5847283225,941.2721138984863,945667.0757890115
196232,35700.4323436188,63.19879227807962,5.157171393278743,3179696.699099532,311.7884374937195,955024.7897129696
309119,4300.179471969814,30.82294860528024,3.2311833267229826,3412812.0080088214,365.5638959586459,1024848.451756419
14540,29526.35254863739,82.57560245646638,5.655153775493037,3939310.0491045807,715.7679971016534,1182696.386339308
545652,17948.26979069488,63.658584952466725,5.811260068010024,2294819.154564717,777.050484549117,690357.9152017159
402827,31424.860370606377,54.8352504784352,3.3069701681201633,3310398.925825409,932.9333096566961,995145.8629464634
556951,3241.3596568131297,18.879157537078484,3.4176997951722194,2820551.76296334,244.56228860339903,847717.6921181951
56991,43705.303501466435,45.764443504514034,4.022536613687835,913082.1345077801,808.0981334582627,274990.49700736237
193751,48700.95948969245,46.8286616961541,5.764483250134694,203291.33387409002,751.6187507271153,62576.91436507989
371326,48475.014908998884,79.16508876181359,5.505277732569246,1344827.5108352778,110.60482844091797,404814.9637327827
691337,37732.93975540331,53.731857615023074,2.410271850334359,2043778.6449489016,417.8619841496966,615245.3746191139
623992,7374.225766400967,40.43204391763277,3.570922973085665,2811437.214930374,318.62718420709365,844822.5356952263
54115,38154.89660052211,88.14402628085274,4.213484758999087,3838320.647519136,339.26590313632886,1152223.0809998834
358151,2204.758906481274,18.857647466105256,4.01252989020616,955443.6106741905,983.7995355769658,287997.92987426993
748583,2084.0540249208652,43.80387426495557,2.7754522717475707,643674.573452284,660.6385428059315,195177.31850503339
196962,16856.90073832752,13.361974013712423,5.435267084672619,4338946.568361784,731.7923499038246,1302892.334447614
726747,24943.51632982862,69.19232966135442,4.707763131987349,566476.5068499553,977.7867554492587,172142.96251117456
154143,38749.96347258187,83.44612417593206,5.351633499407214,2200145.6191727044,408.34169333475677,661045.6929467592
719635,34481.473453718754,32.40298636403915,5.435057117397889,2672336.043978461,811.7481600301656,804190.862926845
994873,22849.23261246067,78.66733414392966,4.993423414662959,2477461.1962018027,462.8044151392706,745782.9261313977
541226,14407.706647801628,33.37745843695182,3.7568424049988693,469401.8125152795,876.0569882242307,142750.3344164222
957699,49859.100507727846,82.86161293151322,4.442187020061699,341488.6907559614,221.62466424573802,105068.91789805416
358824,21882.883809562674,70.31695228774271,2.6414616244789726,555181.9151031673,950.3018682110657,168200.12016049685
9000,23117.964192154097,74.39254214731508,4.69458166989963,2672441.685878221,257.8331229903357,802154.7903749163
730948,9017.56723839179,11.44052444803636,2.717013022957123,2490560.954467356,359.90948163188494,748863.6496082119
892474,39945.66788874654,87.02482856592208,4.775798362040627,1120796.892882042,768.3826224014415,338868.7151148205
360754,34990.42906329294,68.13367936562585,2.9183926430158746,2902583.9655390587,424.06738448713634,872225.5696521839
256492,11817.71102664926,34.380087630890664,2.47020520060088,3706497.6840654137,627.8008079281243,1113032.5047426135
895123,5036.671235176293,76.35157318870776,2.6611379605718297,273363.2129234785,472.3448260159571,84175.85485428918
504522,34344.46580166094,32.521695873194396,2.007968540876281,2286753.051046867,755.2514402352928,687873.1047339198
496072,33071.049499775625,79.82030716529023,4.874958471414121,3129858.917372864,266.9146897501803,940457.234882133
43304,14389.716822912256,19.00643123295496,4.929604196233516,1202695.59837732,105.53508787503316,361241.44812180597
509999,47592.31455027011,66.29487819686366,4.059733399653037,1447269.6923427875,334.93292759941295,435894.74141256016
336593,8401.836697264112,53.25587813159282,2.645451204221535,2796143.1521831825,500.59323162500874,839827.0232748493
612274,22184.405251087494,17.722757615635267,2.334217350042759,4049894.6440868797,209.61904958304464,1216646.6687397063
156836,47237.18008821234,29.35150626070712,2.076515865749148,3661766.693535786,387.05742517356924,1099575.4193968687
113940,21566.638529379994,10.992322902185183,2.662992707860883,2661604.2662291634,429.9838673788901,799241.7198951555
829926,32287.77143554019,47.50143723716047,5.563422139932587,3310277.775309469,104.52225150385988,995325.4277527266
270517,20482.12550017692,34.10122086080003,2.966147366806727,1698867.0936163922,604.1418857749943,510839.9522800179
672521,14436.54491508483,57.868598743820705,3.4170853088688626,2916657.9789155214,890.1262565727232,877152.9998673272
626820,49214.90475003159,33.77902461668938,2.4213819379253327,2145860.816872526,194.1557673053998,645532.4687557009
884090,21057.366309437108,33.993528920558774,2.889445218992681,927618.3617778437,617.9176127314383,280687.5851297733
390777,44810.86098027759,69.45545589852827,4.076898283120821,3184665.787798704,681.5022446653039,957184.3148438212
629674,12267.775688663223,13.851426878268276,4.43101073238261,2544009.050708305,448.3679463983239,764764.5236407908
556638,11442.130497229082,82.23159961535897,2.9814092566648442,1671521.176415338,716.0427079960565,503216.1601007851
622296,2525.5700613410568,78.18110995129452,2.230928636900469,4109005.8282467616,440.19496631646143,1234297.0573460148
885729,32931.674443418364,63.42437465811252,3.5641314765095946,182319.45961589372,529.4054235785632,57185.974609915684
554639,19057.790842464296,57.45772560859074,2.9368134837053366,1482559.5970102774,56.98539232670563,446223.1518571405
617956,43353.554242142214,81.38419985117218,2.8782156929192078,340846.96419942135,707.1341084279544,104462.2963981043
643873,24187.2854278863,24.826414362297157,5.839451210853821,3470385.464537376,678.2755449974882,1043295.8142221617
937809,48441.47796782137,16.31753297526629,4.465201943702896,3186293.8726418256,86.48083346002733,958230.8823371582
342497,10090.750269452936,29.16081359276305,4.227513772688384,1551263.2846271582,399.83760202537644,466478.0451971654
212869,43562.53522982493,73.56626229601522,3.6631004140932877,3069673.398733192,980.080248752084,922472.5230139771
70953,39053.24578679534,12.773621338118666,3.715777333720577,1836083.1675241387,449.699734440186,551583.1932854439
848890,38775.170387558544,56.62454680667917,4.163620015352324,3425079.220172935,526.8481348752496,1030091.7078231144
505328,42394.37817772749,89.63500129530479,4.785719228144429,2092949.9526688738,914.4336502517326,630211.6033142767
811790,38290.175556206945,78.45568750700315,4.808584384727318,1908153.5997376451,731.3987820724686,574982.9603544063
8267,31684.795759939356,51.71565512348715,2.6867756308217983,4212158.927303407,602.9666245680124,1264464.4869900446
87745,7430.999006436991,15.091272742931388,4.0004510083065075,1196376.830517988,807.9144472740189,359756.0887975385
881020,2593.7827950713436,76.50988115085678,3.647832380136408,621172.7693848535,871.1479531331746,188692.6674114524
829945,46121.54454296866,57.91828065417684,5.482107865077537,2667835.1294742106,484.0436681504035,802652.9134529107
162164,31215.865411516163,19.19463976476535,4.525675684873505,4364709.192173229,501.35294668524364,1310351.28266689
540626,40030.327257832636,17.508582785868498,4.130016265663928,1756270.932536893,416.748388869244,528535.1377199487
136484,24594.595224114953,82.7701455549274,2.4615785687156695,363582.1276029265,968.3708330175375,110449.99140960311
536831,6748.101259157329,63.536021035046275,4.422551557293646,1586336.2288351925,712.3079415758328,477548.05220959475
897323,7134.103817924972,76.34294394534044,2.4688156227209337,2321158.595549253,129.06191289766866,698277.8440399951
956000,34592.6990742196,80.31831202258138,3.3488263022630083,804080.4592480625,869.8116421473675,244192.57651305306
65692,22084.98885007367,55.74178816386578,2.5713678592573275,2992230.78162913,506.53194379445466,898273.9353774983
225156,10825.7116083165,51.3957081404033,4.768294588097476,4490074.805534985,115.3162111013631,1347606.3174080825
228992,25088.132790330408,44.43419282567922,2.8250084553446104,2082171.0890781672,572.2313924051455,625779.4645855972
521771,4146.23791668157,35.355727023289546,3.567437492752104,1654352.9351802377,446.306065026917,497822.2454790119
835857,29516.59869380554,44.76767686869694,5.582699110475115,1857105.375739998,883.8619346194936,559793.0396793969
568044,14180.676817319785,71.91037245841251,2.817265533595881,597794.646722837,243.794873428918,180822.26851972117
548176,40080.39593122222,58.15387448121052,4.031220255835116,3985236.582289647,835.1413790175737,1197677.7897925975
696095,16207.735987255115,81.4018631963877,3.677086644664088,1919381.1408491621,579.8042566261801,577828.8115198755
838727,23305.78730500826,45.47040115033502,2.072496164182919,1797880.1543835502,101.87978805279559,541374.1282910283
119352,1569.4064554969311,58.56716629750032,5.171032454291251,2999234.1036233916,973.2530362592104,900625.8358534327
874474,4549.897501933385,60.5046042473591,2.276183625258399,2039367.3863062547,536.9844818980399,613993.5156143015
90999,20232.184263927556,57.33577298450604,3.8970200839078144,2948709.597442601,326.33301152000337,885134.881629362
22955,24517.00290113905,66.2107018468413,4.2427131797558,360978.1394767729,495.9364998897952,108957.68870706264
829273,30401.00685784588,28.994677469984502,4.513705826458349,3678519.945815023,864.9648943416146,1106097.0692402346
75640,15291.466356755858,50.98910220366325,4.754526517231502,4237622.432198165,339.6579681658103,1272103.8462404876
201582,35054.11242020058,18.337984224667814,3.0130895340908603,2951055.352962892,233.0425766623653,886243.5999268173
957415,43145.99746227102,40.760906211585,2.0399151066337975,4299635.746267355,172.61768458433738,1292225.583807635
981535,39212.69845577414,49.01336548970115,4.8937746494196475,757816.5063715382,332.9664284707007,229941.8255798536
749086,2941.3224420695,62.1779407636378,4.142626397390314,2195405.39560836,791.0456826880413,660772.4759943229
405573,24544.84041563362,86.04248420689628,5.344470812828995,2743967.6966994223,498.0450469354986,824785.2915713069
430695,6141.578742490568,58.05208532386847,5.285553451602777,2655458.615127433,266.107523508863,797711.2455151089
66476,12860.205777263845,69.48751329412478,5.373304671151533,1860446.4457826808,207.87574962926175,558406.1501676061
311955,49346.46707009018,50.50128475961622,3.9403786399181606,1580952.2453052127,366.09300268486015,475758.1738942488
172280,7982.281602174148,60.72832251010651,3.3345135833474626,649293.939447347,942.9281542414234,195748.1906393961
680510,25445.519519116446,15.674577290701874,5.16623281036548,1817584.2069796468,375.87537696052317,547135.2819439942
600468,31289.630981587838,30.35132646734776,3.8051764521170197,807334.1946151895,988.7178721569036,244397.93947226868
703646,35420.783556661096,38.948247456411096,2.733768785613738,3328552.633330683,510.96893297708834,1000689.7261740807
642144,28422.78549085879,47.799468400521086,5.419896078245897,1010944.4255311418,220.20572237564335,305099.6134725927
859882,1478.7715235399992,13.651899640190699,5.530239507089389,348272.99630479433,896.5830872038339,106802.66394204117
419568,16996.6041039556,21.201927804265416,3.8652390245606805,2525934.6677740035,487.33760447808555,759121.5318698911
191141,26367.87052585086,32.14514462330446,2.30279890923915,2714963.1212925613,724.1877763292982,815650.3082384774
903320,5305.458458096834,87.72261527208406,3.551304359667725,3935136.600247029,984.5260040486942,1183118.1730483102
639736,18180.719629249856,36.50776056824406,5.214150637850413,2634488.910761977,97.6665828039753,791910.34711548
543685,2626.9523307769614,48.5632846489666,5.607096114184914,1613570.5649203956,141.8598317981888,485353.31877554586
964059,4850.346360596017,25.687817019071435,2.8138909699903834,3631282.3975310735,734.4339043896184,1091972.6134709637
183031,20449.24053387821,58.862405686061464,2.267894448101086,2472629.918956527,317.7337531306984,742629.6034830096
923232,7503.071948109958,32.45465724127794,5.509401812531355,439626.0552235556,225.0863271025941,134038.1545440711
973021,28809.50156481635,26.559406275074142,3.557619755915501,2585400.9709814177,87.39378582874302,777773.8417719447
124180,34783.783487726025,51.32581027567832,4.167043857070253,4094361.7853095313,70.75437638689172,1228977.5531898956
71234,40228.74825634506,10.440463932833666,5.872263248203035,1837738.6784471527,785.7613229638014,552493.1819906284
569242,10807.361967995694,10.613122611938026,2.2662589116568914,1396796.7863781182,177.7117560010725,420493.68652020086
183352,9206.646530694417,27.525504728148622,4.593272029808382,722700.3054494684,494.33458517259334,217567.25131725753
84459,6123.824176385612,12.937709000065691,2.2964216902994683,757874.7517349258,625.6019744205089,227975.43443984858
414995,32185.0822276382,18.64206033045531,3.5018757138660015,1998522.2459474213,456.93421054040397,600987.5357619055
200004,35617.31059785816,37.10885194710013,5.2152581807737874,2716948.0245523453,75.75131971942145,815971.4766337815
471152,2547.72109645646,74.20685436638503,3.7338889310225376,445513.9367979437,794.3264274585134,135296.33795699786
946970,46874.4000659408,55.76389146954406,5.988729415611802,4233497.477600981,59.987563314570814,1272440.3280170492
959443,3546.592898922148,51.01341807651331,4.236237139786409,3420139.252933314,773.7953996586098,1028647.2113349023
730256,27523.520429752454,33.47910585664973,3.284648610543814,2677011.4796309522,898.6392690987166,805495.3358506287
957774,35743.965453094905,84.54029755462531,2.8804453036190125,3743414.5388409495,461.1979250043137,1125617.934488243
64163,43677.4870635582,41.76120329897533,3.4020821371446472,443623.5975414196,558.7653494429082,134037.09980521048
480853,35990.25967448896,16.96742134366172,3.4901330950382032,2192859.4508030787,503.1342229867711,659622.9012246274
56934,40284.6760704198,59.3653212894241,2.274854710895844,2868710.6894599358,419.74818769226687,861464.7091192382
725255,17633.059434597497,19.107071478128113,3.4782967977070927,3744359.3159816554,893.0533086018422,1125803.7913780434
430523,40926.4305735791,37.61785142413537,3.8569540789568997,3545100.7598172706,899.236835136491,1065362.1854490363
845530,4925.627472849083,50.592955097424706,4.890951008955218,1311875.3912360924,369.0255464094578,395634.9868055357
459137,44846.016146965856,79.93780197481406,4.626917938886432,4239281.547756091,634.3162663139631,1273561.437473331
10486,27832.026431533075,49.48372642720949,4.8350626209166165,638365.1607101383,930.5621840385709,192395.00643426814
144407,41047.59072816219,66.18070128253314,2.0334547275074284,3949339.258119281,963.955573994284,1186181.6077697317
878332,23163.595941396707,89.42534711992563,2.870669598322144,4371846.500756368,533.5110884009451,1313939.3252767816
655308,32535.307064629724,20.519129591838528,4.646737153599426,871247.0374117787,480.18356502011045,263660.2338744884
632083,26793.73038586955,31.97852204156156,3.9359574727189885,3274311.343138693,314.7596001320995,984045.5042452522
225184,36847.886566011264,41.56608604781171,2.021253902673384,267659.1378109732,960.9282795308895,81684.24809688621
671490,4999.86911949889,43.74625428310651,5.21797856972729,1877914.6588636735,185.673589249224,564948.5515146554
354652,3957.252115537626,42.88168602124366,5.09123829316135,2366809.349461742,600.8380972453388,711028.1161311598
766315,13108.058466497176,82.6088802045244,4.1936766519742505,2650645.4462614865,318.42275414270694,797087.8826520001
647612,8817.68932554623,67.1226115573485,2.2658533031050885,4217483.264776148,315.0578758304068,1266858.4965033482
327710,43717.39476301788,58.6324171272563,5.066060198130339,3054625.5309673985,434.72015800737904,917886.4160668837
202775,11741.48538054417,34.74981742902257,4.334854350925456,2212435.764876835,998.8532890248719,665070.1906249992
294336,48817.39753513743,75.90323073770358,5.127839908631836,3660666.909932572,102.21799149783097,1099319.9586252868
792494,17507.893796784236,86.40484091879911,5.006987969583362,4281849.740408944,599.6147272933549,1286740.3726660954
613364,9923.777868746265,75.69586260401812,5.212008287831349,187311.71568890262,128.44355013351333,57555.0541356996
94780,39695.226849981475,10.125208415317832,4.0720322656185,4422918.8106491305,196.79478849099303,1327506.959460609
157617,33276.68099954293,60.91210961467256,2.56129807277406,469842.7332708303,467.5847946842537,141968.8805103447
550977,25411.59010620381,14.090830515368058,4.684629893518755,3681445.6965752374,534.9371247791192,1106059.5949140608
802606,28212.813995943932,30.60857762669775,4.481895140207882,1326276.258751729,295.8527879462978,399956.7310738031
355605,36240.88713534093,14.761976027821735,4.969012748796349,672912.2906945744,350.63427433069535,203117.3396407099
917606,12194.282325233638,58.30363623595102,2.6795240242029412,2029763.3711380118,132.61866924313642,611044.4499900644
894465,49820.36188678035,64.92719307940854,2.779900799601157,2929848.515363976,338.058794652038,881669.1255385877
538636,48764.86494519237,19.159011045272408,5.561638068877314,1769997.6365535248,968.2305174115169,533138.6644192092
946218,32865.95863099991,40.707110643598355,4.999911193808283,330633.4505267024,947.4720125888576,101912.02350528001
43102,10777.580095528112,46.498920716443365,5.632913954801292,2733623.6258949405,368.13437563013576,820552.1125675817
79460,34331.18387913328,39.52424174087333,5.034861284655683,4069598.4476480754,592.3112394648235,1221821.151874771
369778,4537.722039979617,19.682000038815445,4.3886212239612075,1779979.76382738,914.1156215553971,535461.5682404961
94930,2501.972608084497,43.515823214998036,4.616530948111494,1044027.5493519473,55.87463150885184,313438.5315857775
536089,13626.46153704947,70.09424382467344,5.55651169576004,2041766.0955637158,820.1493918207123,614316.5897751647
632438,23668.524880226498,15.680613162660437,4.3152270180477625,303279.5557251236,950.951075149473,93208.63686443014
732627,43545.35276501065,16.414401126552278,4.52956529731355,3708350.247558012,136.7594476168792,1114627.3836040802
184208,36631.28441854909,38.38170334687874,2.6259068640144023,3734162.976290324,203.375301731275,1120941.6900146154
159697,37392.619538799074,85.33805692951401,3.895684880464411,2683082.043724661,962.7089876327876,806270.1471817819
218945,21849.173387955692,63.485811737833124,4.865588447832396,1647183.7402182976,560.6631364583291,495246.50252593606
236915,17950.814634801183,64.29359653380519,3.0837707932654617,3617044.6372059043,63.48680274813752,1085731.5766337216
732952,19180.89938624553,38.9535992670292,2.8090167220981397,2536169.779316699,294.7503988253527,762900.1864348738
213124,49394.82862306683,57.492863296683076,3.255307232897662,3732361.4807055714,477.44649055541663,1120912.7139462675
442477,2965.3503792116417,10.81049472221947,2.966002511971334,2874733.275291121,708.2634654735293,863840.534736083
530830,43484.54330999998,60.887683712763376,2.8596505481455834,3549228.136868436,746.5023592299596,1066854.354223331
288821,29355.095020047276,83.06295580609894,3.6994033714723478,2729662.8000903213,995.6504372791833,820422.2036735791
182804,22492.155540289932,59.005877467585535,5.631354055534136,1916362.110831088,323.1356394145711,575565.9069239433
710703,36537.62536034169,79.89588747730761,4.028238586954873,4314541.242274267,561.3090967750516,1296515.352249495
44081,24846.77812981044,67.9178444372875,2.751681523261292,2476311.9677157053,556.6573704666248,743733.1868263235
723216,43797.738666001365,19.644673312295218,2.3078866775234963,2758444.7767637745,435.3629964748756,829699.4642003682
360249,45134.391336551664,82.19626458286734,4.784624580551701,1062350.4898190442,210.70379915029918,319959.6513980117
224930,21664.325416799315,15.31550754846199,3.5311950577455513,2849119.9813742894,978.5837350246504,856196.9637018336
810497,14564.562064517528,52.7173978038211,5.287323786341437,2610789.7342197825,860.6513273332567,785596.7390751524
522313,30025.16610107475,21.370969903476613,4.638043074563081,905137.33494638,523.4163768795254,273223.575194253
219532,45705.80393521786,10.936528858472325,5.184965802165474,352779.0993273638,623.0831515498284,107206.33365518041
617380,11322.447261277663,43.76274081021112,3.087784157673795,2755224.5999421403,265.8980008816792,828191.8188605817
524332,31525.362594610655,33.6032566123325,4.769435689844233,3457882.9078349136,566.5977168721596,1039385.7467470225
321837,31946.450784533507,48.88003950380824,3.056247938774875,2398200.045766056,710.221626465402,721015.8682246723
294106,36922.53809834877,56.175990938764066,5.756273917801167,1090067.2776596374,539.4086769672593,328497.1633194327
33295,7446.81657123573,13.499125784715789,4.5454971261334975,3029361.917216284,990.7709120556942,909614.6288784792
18807,36075.42326942234,19.84026360989965,3.2980472007013684,443266.2543483459,630.7745734353399,133732.6981508288
440564,45542.59351261641,54.691391716034026,3.0780474491690906,2038486.6381766198,402.4250269625606,613183.1317096079
162504,9804.472334641856,37.45338825381266,2.763706340286574,810447.404537033,783.5444262350462,244128.41803663556
243067,12639.622921270004,68.33387900395584,4.778563835574911,903464.4151740856,211.93938600255996,271712.8372027314
490008,48598.35960804034,62.18333188735517,2.874862451991709,982116.3157876781,415.2900230209532,296385.3330411737
980358,9867.870682764998,77.64834903919254,4.381213063709956,1795378.1215639426,379.61100285870657,540996.51428605
962766,42864.86957510938,65.39942613353801,3.0585401077014294,315572.40678595356,460.2167403523884,97396.11651851748
697440,25121.614965953704,44.394486191211854,4.647875779175474,1844269.074497323,792.69083463229,555553.1505230237
399540,13114.322645755676,63.837329791554595,5.259758914162157,2346629.841775831,509.9643805552371,705328.3542266904
882699,43666.74516235306,32.03049394043348,5.112100972578613,2221327.796701494,804.3137277526646,669136.6821857374
522923,22819.95749513061,34.505079902257016,5.043405323723126,1778077.882777409,597.6644579828726,535087.8772387207
171981,26226.05034255482,73.11881279366347,2.7508896227690083,3790636.541592018,374.96596292467757,1137949.8645227528
749699,18602.43510058852,45.71356131212657,2.353539787938075,730890.7135744231,819.4798064992988,221714.23181267493
24870,30054.591720311444,73.8704272414682,4.795795313949542,2320122.640075859,276.375187025437,696602.1710625482
957082,9012.669756666117,75.79378989346228,3.4733888551774053,363602.64877840446,263.16383080980575,111260.3919618566
208196,20162.995295936274,78.6049870129027,3.729384905613389,403796.543851582,529.277777852094,122049.31701996259
253683,48501.203794429086,83.33081886729659,2.1245963711735643,2620748.397075995,297.80678366398445,787725.3841404527
239677,13648.53820235525,44.4788176410637,3.0383057971001968,2586141.2537552905,58.6326832036555,776404.8931717345
31790,33180.09656252332,35.509345465691105,2.134705615497856,3962127.7916440554,665.8826509338614,1189465.849582739
648162,16934.31314701005,56.575899727529105,5.51674309040499,2550222.909660923,535.5391303987781,766973.7560251203
816721,38900.183158643435,39.69379387501021,2.973586732874122,4322678.39998539,473.2419237685031,1299230.1377143865
453345,7412.809375199142,58.085933344018635,4.229348678292032,304744.2814436903,968.6200888873996,93196.17224132607
754074,48521.231208848694,66.44686901150597,2.1559172826445216,522213.8898830681,592.639224764768,159260.59282808378
492462,23235.687527798324,65.07240147937095,4.667389565222632,284330.4495253819,870.2599988999153,87196.29682542071
544773,12566.472703976733,39.96423096160971,3.2921093830163755,907070.9099709115,182.47772439490217,273373.07738076
835914,4601.34061917062,23.348816135900226,5.591676747830663,2477001.1892528003,590.7461399729563,745232.816910433
91188,9318.137349289496,44.4423470769766,5.552472755736144,2936973.3200949575,874.5806453943577,882036.0833374324
534036,26468.923479244866,21.4075315265527,3.301162473446991,291030.5465536294,603.9504694159031,89286.9485694139
747129,17513.15564513303,81.20776281470467,5.603843582761872,4261731.6242190935,732.1134692206515,1280585.5345325645
669795,41615.284928247864,37.67019685902859,5.984630693995115,3803949.3110281806,403.441389421597,1143371.2424244813
795141,22113.48865942849,22.356779777865903,5.301662656495792,1398061.0463127806,137.82704118521326,421369.59162050637
653249,13186.999356793865,12.03582079246007,5.379485391020916,430397.0082987237,485.00528037071786,131007.05286888298
35355,31240.10434359747,61.665790902918744,2.9960349444363596,839201.9928960425,424.7554212969147,252442.73512067
716131,35632.08362738685,60.95218539637946,4.306809595431025,649824.8646594295,873.70717326,197281.88043107942
456015,9185.053487146542,37.248333326503335,2.2690236558694714,633681.4667083556,281.79553723484867,191390.1474029957
411332,9213.341598127565,15.73695110781208,2.379671747286679,2376857.0470158868,968.3975161583527,714726.3443959497
161542,2796.8999197436056,42.770311591618565,5.995570448133162,1174187.2213958954,960.2312138142713,353404.42630087107
178416,37083.698738216386,34.897399605071485,3.3065569977036438,1669396.149893527,285.2500609178668,501759.6464495531
310062,33526.42185346845,64.16965117880075,4.992735648195385,4453718.520224862,380.6493577034545,1337299.1718297359
843656,24256.91291174088,58.46233995621523,5.226660212107266,3107825.83776077,900.7779538301908,934775.5085095899
568586,42364.35199949066,39.167498255803196,5.432093084028917,4275004.741677276,968.2911098513022,1284847.1812173948
506708,40477.83749455261,27.431404340399208,5.990513189608626,718674.4076960398,471.2671476942418,217421.3736311188
871651,29682.363855440854,89.04287729244734,2.9659859410274714,1775235.0840116304,354.9471933588529,534772.9133999489
66629,43545.29274514967,46.32012969568919,2.161403307438799,2536367.2524751825,549.789312588965,761818.3728315412
333184,11086.219291801644,65.06193886241897,3.644766071978344,428503.05292933463,703.380746047448,129788.80744617325
497734,6484.061350488666,21.244237406268862,2.520322679315788,108466.62639929418,309.8007896062308,33680.39804434553
760195,14217.730964332492,48.84717597275183,2.0897035566482205,3046615.4120444064,749.6495158881191,916098.1835034109
295160,3797.2559483764276,12.202937589557239,3.4417073085659444,2920424.06909433,99.07448925890898,876728.0807842468
553248,27027.30687205057,50.436409432835994,5.134953004300946,1901578.6520982878,96.82976812619562,571900.0505792563
825023,46893.67892245311,87.12139256941619,4.2647227649002835,2249330.3753012638,416.97331988826795,677153.0744978886
218920,2927.8334927569726,40.736537038864014,3.251111956841416,1922103.6326111152,385.79953245768456,577219.786031828
894765,6983.385786491313,13.119681005992927,4.617368021970879,195862.24776595985,349.8515545987947,61087.62415498852
247804,23157.75238588833,12.476463273547482,2.928072721235243,1568988.7834190093,516.4687745354645,471924.6193052819
381965,46759.875858867345,41.03894079574956,2.05752578428834,870932.7463020482,354.69690319599266,262689.97422116995
465857,16491.649143860777,22.801994917055524,5.0574135457457094,524050.67393703613,232.64502254468732,158526.07329597895
827827,25854.505625731228,11.868167706254873,4.494972339456036,4309137.113452032,343.99607163417085,1294959.758304305
509492,3037.0700934692127,70.49708911601414,5.0492104980038395,2733176.3874359503,976.1590591697232,821826.4120566502
658983,8268.816847142354,46.681840710551256,2.1557520667506624,3303374.213483418,440.5577461451062,992647.8928014307
420916,49344.876024983496,33.139581757812365,5.348478511322609,1480754.107803578,472.477138015419,446026.543189801
826052,48290.81612536623,82.00665464131846,4.478104800145213,1823778.841068607,597.717740453583,549650.5665610011
763574,1242.0590657860712,19.29111681604205,4.2535814028505605,1134834.8130845507,984.1737299935153,342565.6512377751
133148,47638.77748573871,86.47350631642554,4.498456192458127,517618.60895752313,279.52121261397485,156314.51357252203
811991,32316.87695295952,35.117337390188226,5.457732987473456,879529.5211173845,697.2180050058121,266448.66834872914
491261,43527.996431481086,81.0722937846945,4.347746026235628,3607036.9397575026,730.1854588646379,1084316.489725566
360540,23282.252926059096,58.23543011835692,4.323801519552717,3077977.0008604513,626.9581959534127,924684.6082341463
197714,26264.205400383264,76.136588779319,5.962716628263063,2501956.343095953,134.14942265481187,751434.7763008586
736899,24953.482432589088,88.72105305683715,5.026920668274272,2185146.339342447,693.0286620361976,657732.0731167946
288876,33676.34861975911,33.07243502549966,3.769175221804541,4157935.1909235087,110.8899754843667,1248468.2238714995
264747,7842.911483059333,86.89083883260744,4.829588000131711,410761.11970392766,616.3355170724021,124140.44833089547
620650,2468.70590376122,41.15855159219363,3.556921886767154,1327449.5863792095,752.6021183606555,399917.13415993727
428570,16088.567137968355,40.84095237895379,2.915501849933996,1633225.934246849,250.4213960889529,491096.0489020107
280987,35529.357374095685,37.230968340360455,4.387407507551037,3540497.831858394,849.5409071656353,1063689.2676599624
643353,10890.81915402447,53.312608587806814,5.712728392455806,4466989.474914294,78.83611525635405,1341509.4318313869
863158,33998.18923292095,22.33160345427897,5.716558080061851,1151356.970079045,851.6222204753908,348162.8961149944
22640,48525.690259256255,54.2969188286409,3.3676211124219613,3945695.3435445256,487.3125981106268,1184697.0715060742
57528,5601.135073681501,53.33638499280032,4.11070986488678,3753046.3735041996,256.70854293506227,1126342.5198662505
829845,33957.50379303119,70.9521450083896,2.846543594279445,1080739.123600191,177.0892377442696,326517.5284590957
264214,22743.760745923988,76.69199695500684,5.982524437995534,1851056.6786785715,955.641809203254,556809.4791627608
844070,43538.97046449776,45.23530802499393,5.924471631471743,1896657.3535800092,119.03230820209887,571109.7293161114
975240,9680.33968292191,34.1866599481195,4.59803571882979,4403953.148202122,239.13874893912939,1323558.243478674
506108,34938.67165908206,30.746791785367556,5.2176562387098935,887733.2850809416,380.43123006139365,267911.92541996
639421,42067.6491927574,25.569906936389756,4.8604006451348,3614286.652572089,639.2231065130644,1086547.0357959608
373501,47286.09675422714,14.61180657592199,4.372632876157873,1563789.8695034147,567.5610310122935,470932.6225359828
729226,34479.153386192644,37.395838306777065,2.213391987955591,3313138.224872867,169.3613177916983,995918.1298872735
155159,25361.563436412936,31.61981537046266,3.8190573702106443,1942248.5289438732,325.2415845513039,583334.0598414781
177502,31274.514769859477,87.31339086931258,4.699145208669642,2640566.5553439413,276.81418253172285,792958.7945185021
160576,43576.34423945719,54.61670610000351,4.710126455534739,3761817.9203682384,252.8657117658243,1129632.3917947635
929618,28959.877585302653,37.78216312244061,3.4924904736895344,3636370.141578929,440.5871196559877,1093366.949308939
870291,2488.965925145006,56.43740807949568,5.766767946632122,3910926.2394100777,718.8298799620741,1175580.4937210714
891089,46616.48607984191,21.13573610765564,2.669428128947124,352912.4047699463,256.5802856063741,108389.84328716247
933479,34786.8108005465,45.523499936176236,4.001437784862242,3141942.9389052745,398.34493571783236,945163.9125347257
16023,34149.15590308508,60.098745713685105,4.763535906203291,707344.3313429742,421.37155549910415,212920.48977425636
550735,11568.082467488142,49.11182654339611,4.7885432235672365,1923759.8849611925,977.6337029636396,579030.0801927758
393043,33285.388041400205,42.14230405234594,4.594555827075262,2509274.910391176,956.9330390351154,754560.864944451
291103,20299.355877053764,89.50787111197586,3.1011528538074407,1866081.1277335235,810.1307036144722,561273.4496246002
71203,32910.41587503311,80.42518097191416,2.624826274746488,2381487.490291263,279.57597477822594,715177.9202539059
910588,6223.058485091546,59.87247665275521,4.543761307306843,4484681.02180191,114.6354483870862,1347361.953121937
165775,33234.41992554876,55.55018889458262,4.397208464557751,686308.3534736893,351.0589308345935,206929.5612571239
14337,49971.272562762664,59.652838385966724,2.717424041156964,3068761.159933637,303.4548219621393,921366.8541478657
575715,3362.3899041672453,26.104968625794662,4.820556582282253,1836364.2617605631,530.6295101390742,552403.4044013547
519723,48881.53502684455,41.61101946114549,3.8206879669346256,676573.2131813199,788.8415145644034,204993.54018383077
328673,20938.49007542066,13.156762631271945,4.671042366412612,790029.126480705,865.4067919349151,238406.07688938966
369167,43666.9190665257,48.04368299894613,5.349468319080603,4276294.398543171,852.6208811399831,1284657.2615261993
351809,39336.8887188554,53.44196671661305,2.6789137143076927,3969042.6004988705,391.6917831619144,1192218.0461831323
635075,28783.79678834672,28.21997888825677,2.0765794719873467,4090055.0454302463,702.8726262876488,1228994.974815671
692281,37184.011253315,87.1223077732411,5.116410345583147,4462659.541398775,347.19248764800903,1340837.3727859603
300451,44047.26250376605,82.75636887497936,4.438789700610464,1008670.8699375641,107.86026607342357,303670.5249880548
425571,20802.875760900617,67.77145883647248,4.798558278488487,1657487.4777755123,716.4870023227952,498801.52830621204
132016,17024.624916598696,52.670930301229006,5.35261989995457,3041255.921968662,59.33617494129845,912725.7155940097
796267,33712.075892615656,79.5975327718148,5.211243739298002,2223569.2007854544,438.7234580855641,669307.5439343646
549447,40584.45115512167,20.452187505877035,5.843680587715299,1935097.8421984508,362.91030583697193,582296.9536407553
502562,38351.97160405417,73.2407835419908,4.143740315408473,1667947.6095699654,708.7086615929098,502340.1081069487
707965,40092.86879407309,19.985665117347864,3.9539825306396215,2708572.586870624,777.93319912236,814974.2867092366
388934,22343.582425833716,73.53685300395243,3.6075487995629203,2628367.020302762,338.88990417271964,789643.1545368602
897048,41073.87659257606,32.06140546010856,2.614764171376818,802029.0482232987,821.0456637226108,243508.17177250943
960592,6890.2437131598135,80.16724648145511,4.29042893152809,2170372.6834563166,329.2209224796871,653370.8202061182
870184,27679.965800081627,85.52336750603183,3.108050097303915,2530810.533085438,474.0100419872332,761623.2380468522
322428,1282.174364407957,21.90367755240925,5.685230048851902,2604965.399805432,740.6676006634273,782692.1777367662
324187,16904.705665113244,47.01404840523148,4.33276321710839,1016572.7207434714,708.2742177635491,306252.56660107005
695907,18956.615208698495,88.47899025301481,4.37136072203244,3363416.839832585,988.00004869659,1011337.2452240225
888439,20412.461888853515,48.67259487785173,3.41969864350804,201128.0081609171,263.90297300513527,62566.36085533376
87844,35077.89312780325,79.08380180116362,2.20795740791083,1654808.4829453472,679.2020178626033,497276.84925520094
556820,20039.346962246942,57.098521770505585,2.1269750614919545,3530737.780042144,629.1978128619885,1060929.7098167534
170421,22985.987508504,40.02639263356815,3.69334057661279,2576767.7818543245,919.3435317655284,774235.5475898292
127402,12639.662412842046,32.862684442069614,2.3382615123889514,1241726.3273728937,198.5440345626313,373073.7448940996
123012,19289.337789837664,26.25784728688698,4.427387822160556,3154743.2563028405,764.2082554075863,947536.9951948749
443661,12136.211735894422,70.94385531021578,5.52389202255863,2592194.0637282836,589.8551854553299,779026.7000515504
403929,4586.600264653738,40.92324054584223,5.531659266074889,3601434.3177026673,310.9325762985101,1081477.488066477
585466,30568.981075687516,50.90203697606009,4.63618164052893,3331461.071097121,500.7131684398154,1001234.8247530903
578695,33742.4271291958,49.386038400094556,2.844927325891724,2780575.936179795,367.0877672163079,835856.1591379808
468556,31355.026954471112,56.1823223386505,5.451987325435488,2242863.54812069,600.3477326490379,674519.702289605
580278,23711.208146228044,79.24617164996418,5.544373741252833,677333.1741937782,894.5505802739326,205324.64552791003
998176,19609.50322878226,88.45914748667435,2.786614339811835,1242478.6088745424,590.8397351915919,375253.7440740729
134473,43303.34882901944,42.606736685905354,4.9497043430827095,1938228.6755643461,650.1362974102549,582691.0771901775
988049,26435.007471674686,76.20151376850424,3.146078195708492,2732909.855698174,542.810454758974,822335.1021947883
483007,24479.912003856818,71.16222357237741,5.210561249411718,2355451.641499494,98.60723112320211,707881.6915270974
849573,2256.4612245153485,55.882316116445864,5.988951599614411,1360893.759481525,271.21562903228954,410173.89110919577
422009,17721.14355368166,86.48377148895464,2.1201040213175713,118507.81785262353,517.4016429604786,37109.51824021976
323714,19629.585320506994,26.037961242272225,5.589463463163728,2278414.9685825896,344.72351955746956,684608.6860804507
231156,20542.316263948123,18.74113682476971,4.490522134394633,1349610.609559492,222.6754178731345,405508.1820294839
173964,29428.446092139282,78.31695735643378,5.893530476659285,3329622.6061334596,528.9261998225164,999724.9055546643
530303,27146.524789617044,45.13198533069986,3.8600380701057104,195603.02984283218,356.6693037754578,60283.09526310731
66813,30787.349546878788,77.75750833656484,5.3895517222854945,2669090.6478585377,295.20226101474395,801459.772404514
32712,38479.27981556429,81.44721641563319,2.249576274393109,4241901.387401748,490.78614656836174,1273408.904427592
629785,40836.30119708858,14.996607489525715,3.341116200313183,859144.8679617129,176.6200451780645,259567.7401933166
930919,36188.030735098226,80.67718103888485,2.26806615100484,2169974.2542101257,931.3584464216369,653991.4779143375
772214,47820.6611017918,45.86552442955377,5.901372533916282,493170.9839135793,874.3169930232771,150559.20614458236
117816,1893.39655114172,50.83459912033858,5.267895629087347,2849257.233072565,722.2395564535086,855650.5923805904
133778,10593.12129849376,60.127400887456815,5.410189684983882,2517844.7114293547,150.9031362090334,755693.3759270154
591580,1370.580873928964,84.11060853840694,5.751860925735577,1886481.9617785907,787.0833917462083,567626.4717074468
290977,32726.260993575546,11.529287554381122,2.3404139444791414,2389272.6646991987,817.559461703568,718093.7291087393
140230,45003.49689854936,48.14747746542537,3.5423903700533335,4043894.243848335,779.3763868286208,1214432.1516421759
723040,12930.632532238664,65.01776339444486,2.2841395561760085,955657.8731918057,158.26759276327908,288387.0792856829
811741,46424.692695019025,67.81655661585827,2.8431724062001145,189509.4966205813,661.7125592143765,59426.01188799751
274114,3953.102124188482,65.40259452296864,2.9174631081506894,3889942.1415230352,842.6085559619286,1168177.732988429
339618,46787.3653134702,20.75481035264975,3.8764288441903147,2635086.3333306676,598.4857311586843,792017.5387347683
837972,18229.511674742087,33.9516470697345,3.0742486698145703,4017803.788586725,664.0870064666846,1207658.8861738457
156456,5969.62059401161,38.69724203336108,2.4039124272710444,2722528.435252091,485.4453054549909,817331.2905285599
809449,24807.716200129955,74.3549766143604,2.669964356376431,3662810.406722288,552.27195388985,1101242.642516875
867312,13582.05181830489,32.30078979316424,2.5891022542083637,1984859.5323962024,82.65801543413895,597367.1327123393
